{"type": "FeatureCollection", "name": "ne_10m_roads", "crs": {"type": "name", "properties": {"name": "urn:ogc:def:crs:OGC:1.3:CRS84"}}, "features": [{"type": "Feature", "properties": {"scalerank": 5, "featurecla": "Road", "type": "Unknown", "sov_a3": null, "note": null, "edited": "New in version 2.0.0", "name": null, "namealt": null, "namealtt": null, "routeraw": null, "question": 0, "length_km": 67, "toll": 0, "ne_part": "global_basic", "label": null, "label2": null, "local": null, "localtype": null, "localalt": null, "labelrank": 0, "ignore": 0, "add": 0, "rwdb_rd_id": 24219, "orig_fid": 8752, "prefix": null, "uident": 0, "continent": "Asia", "expressway": 0, "level": null, "min_zoom": 5, "min_label": 8}, "bbox": [99.509031, 40.483734, 99.999837, 40.920923], "geometry": {"type": "LineString", "coordinates": [[99.509031, 40.483734], [99.566773, 40.508481], [99.603893, 40.529103], [99.719376, 40.628089], [99.752372, 40.673458], [99.789492, 40.698204], [99.810114, 40.706453], [99.83486, 40.731199], [99.851358, 40.755946], [99.921473, 40.854932], [99.937971, 40.87143], [99.983339, 40.90855], [99.999837, 40.920923]]}}, {"type": "Feature", "properties": {"scalerank": 9, "featurecla": "Road", "type": "Unknown", "sov_a3": null, "note": null, "edited": "New in version 2.0.0", "name": null, "namealt": null, "namealtt": null, "routeraw": null, "question": 0, "length_km": 141, "toll": 0, "ne_part": "global_basic", "label": null, "label2": null, "local": null, "localtype": null, "localalt": null, "labelrank": 0, "ignore": 0, "add": 0, "rwdb_rd_id": 24220, "orig_fid": 8753, "prefix": null, "uident": 0, "continent": "Asia", "expressway": 0, "level": null, "min_zoom": 7.6, "min_label": 10.1}, "bbox": [99.422418, 40.483734, 99.999837, 41.721061], "geometry": {"type": "LineString", "coordinates": [[99.509031, 40.483734], [99.500782, 40.496107], [99.500782, 40.541476], [99.500782, 40.553849], [99.500782, 40.58272], [99.496658, 40.615716], [99.484284, 40.644587], [99.467787, 40.669333], [99.455413, 40.706453], [99.451289, 40.747697], [99.455413, 40.793066], [99.447165, 40.826061], [99.459538, 40.863181], [99.451289, 40.879679], [99.422418, 40.912674], [99.426542, 40.933296], [99.44304, 40.966292], [99.471911, 41.164264], [99.484284, 41.222006], [99.492533, 41.26325], [99.496658, 41.271499], [99.504906, 41.304494], [99.537902, 41.341614], [99.603893, 41.386983], [99.707003, 41.436476], [99.735874, 41.457098], [99.793616, 41.506591], [99.83486, 41.543711], [99.851358, 41.564333], [99.859607, 41.584955], [99.892602, 41.630324], [99.9091, 41.646821], [99.94622, 41.688065], [99.975091, 41.708688], [99.999837, 41.721061]]}}, {"type": "Feature", "properties": {"scalerank": 5, "featurecla": "Road", "type": "Unknown", "sov_a3": null, "note": null, "edited": "New in version 2.0.0", "name": null, "namealt": null, "namealtt": null, "routeraw": null, "question": 0, "length_km": 2, "toll": 0, "ne_part": "global_basic", "label": null, "label2": null, "local": null, "localtype": null, "localalt": null, "labelrank": 0, "ignore": 0, "add": 0, "rwdb_rd_id": 24232, "orig_fid": 8759, "prefix": null, "uident": 0, "continent": "Asia", "expressway": 0, "level": null, "min_zoom": 5, "min_label": 8}, "bbox": [99.496658, 40.475485, 99.509031, 40.483734], "geometry": {"type": "LineString", "coordinates": [[99.496658, 40.475485], [99.509031, 40.483734]]}}, {"type": "Feature", "properties": {"scalerank": 10, "featurecla": "Road", "type": "Unknown", "sov_a3": null, "note": null, "edited": "New in version 2.0.0", "name": null, "namealt": null, "namealtt": null, "routeraw": null, "question": 0, "length_km": 22, "toll": 0, "ne_part": "global_basic", "label": null, "label2": null, "local": null, "localtype": null, "localalt": null, "labelrank": 0, "ignore": 0, "add": 0, "rwdb_rd_id": 24233, "orig_fid": 8760, "prefix": null, "uident": 0, "continent": "Asia", "expressway": 0, "level": null, "min_zoom": 7.7, "min_label": 10.2}, "bbox": [99.306934, 40.475485, 99.496658, 40.541476], "geometry": {"type": "LineString", "coordinates": [[99.496658, 40.475485], [99.48016, 40.483734], [99.455413, 40.487859], [99.385298, 40.508481], [99.348178, 40.51673], [99.319307, 40.533227], [99.306934, 40.541476]]}}, {"type": "Feature", "properties": {"scalerank": 5, "featurecla": "Road", "type": "Unknown", "sov_a3": null, "note": null, "edited": "New in version 2.0.0", "name": null, "namealt": null, "namealtt": null, "routeraw": null, "question": 0, "length_km": 12, "toll": 0, "ne_part": "global_basic", "label": null, "label2": null, "local": null, "localtype": null, "localalt": null, "labelrank": 0, "ignore": 0, "add": 0, "rwdb_rd_id": 24323, "orig_fid": 8810, "prefix": null, "uident": 0, "continent": "Asia", "expressway": 0, "level": null, "min_zoom": 5, "min_label": 8}, "bbox": [99.397671, 40.421868, 99.496658, 40.475485], "geometry": {"type": "LineString", "coordinates": [[99.397671, 40.421868], [99.459538, 40.446614], [99.496658, 40.475485]]}}, {"type": "Feature", "properties": {"scalerank": 3, "featurecla": "Road", "type": "Major Highway", "sov_a3": null, "note": null, "edited": "New in version 2.0.0", "name": null, "namealt": null, "namealtt": null, "routeraw": null, "question": 0, "length_km": 39, "toll": 0, "ne_part": "global_basic", "label": null, "label2": null, "local": null, "localtype": null, "localalt": null, "labelrank": 0, "ignore": 0, "add": 0, "rwdb_rd_id": 24341, "orig_fid": 8821, "prefix": null, "uident": 0, "continent": "Asia", "expressway": 1, "level": null, "min_zoom": 3, "min_label": 6}, "bbox": [96.749792, 40.413619, 97.059124, 40.58272], "geometry": {"type": "LineString", "coordinates": [[97.059124, 40.413619], [97.050875, 40.425992], [96.984884, 40.475485], [96.956013, 40.529103], [96.935391, 40.549725], [96.90652, 40.566223], [96.824032, 40.578596], [96.749792, 40.58272]]}}, {"type": "Feature", "properties": {"scalerank": 9, "featurecla": "Road", "type": "Unknown", "sov_a3": null, "note": null, "edited": "New in version 2.0.0", "name": null, "namealt": null, "namealtt": null, "routeraw": null, "question": 0, "length_km": 15, "toll": 0, "ne_part": "global_basic", "label": null, "label2": null, "local": null, "localtype": null, "localalt": null, "labelrank": 0, "ignore": 0, "add": 0, "rwdb_rd_id": 24467, "orig_fid": 8890, "prefix": null, "uident": 0, "continent": "Asia", "expressway": 0, "level": null, "min_zoom": 7.6, "min_label": 10.1}, "bbox": [99.397671, 40.314633, 99.509031, 40.421868], "geometry": {"type": "LineString", "coordinates": [[99.397671, 40.421868], [99.418294, 40.401246], [99.496658, 40.318757], [99.509031, 40.314633]]}}, {"type": "Feature", "properties": {"scalerank": 9, "featurecla": "Road", "type": "Unknown", "sov_a3": null, "note": null, "edited": "New in version 2.0.0", "name": null, "namealt": null, "namealtt": null, "routeraw": null, "question": 0, "length_km": 30, "toll": 0, "ne_part": "global_basic", "label": null, "label2": null, "local": null, "localtype": null, "localalt": null, "labelrank": 0, "ignore": 0, "add": 0, "rwdb_rd_id": 24471, "orig_fid": 8893, "prefix": null, "uident": 0, "continent": "Asia", "expressway": 0, "level": null, "min_zoom": 7.6, "min_label": 10.1}, "bbox": [99.509031, 40.314633, 99.752372, 40.438365], "geometry": {"type": "LineString", "coordinates": [[99.509031, 40.314633], [99.546151, 40.318757], [99.603893, 40.351753], [99.641012, 40.376499], [99.665759, 40.384748], [99.690505, 40.384748], [99.719376, 40.401246], [99.73175, 40.421868], [99.752372, 40.438365]]}}, {"type": "Feature", "properties": {"scalerank": 5, "featurecla": "Road", "type": "Unknown", "sov_a3": null, "note": null, "edited": "New in version 2.0.0", "name": null, "namealt": null, "namealtt": null, "routeraw": null, "question": 0, "length_km": 37, "toll": 0, "ne_part": "global_basic", "label": null, "label2": null, "local": null, "localtype": null, "localalt": null, "labelrank": 0, "ignore": 0, "add": 0, "rwdb_rd_id": 24492, "orig_fid": 8903, "prefix": null, "uident": 0, "continent": "Asia", "expressway": 0, "level": null, "min_zoom": 5, "min_label": 8}, "bbox": [99.084215, 40.294011, 99.397671, 40.421868], "geometry": {"type": "LineString", "coordinates": [[99.084215, 40.294011], [99.100713, 40.314633], [99.12546, 40.331131], [99.166704, 40.351753], [99.195575, 40.360001], [99.298685, 40.392997], [99.344054, 40.409495], [99.397671, 40.421868]]}}, {"type": "Feature", "properties": {"scalerank": 3, "featurecla": "Road", "type": "Major Highway", "sov_a3": null, "note": null, "edited": "New in version 2.0.0", "name": null, "namealt": null, "namealtt": null, "routeraw": null, "question": 0, "length_km": 13, "toll": 0, "ne_part": "global_basic", "label": null, "label2": null, "local": null, "localtype": null, "localalt": null, "labelrank": 0, "ignore": 0, "add": 0, "rwdb_rd_id": 24500, "orig_fid": 8910, "prefix": null, "uident": 0, "continent": "Asia", "expressway": 1, "level": null, "min_zoom": 3, "min_label": 6}, "bbox": [97.034378, 40.289886, 97.075622, 40.413619], "geometry": {"type": "LineString", "coordinates": [[97.038502, 40.289886], [97.034378, 40.314633], [97.067373, 40.347628], [97.075622, 40.36825], [97.075622, 40.388872], [97.067373, 40.409495], [97.059124, 40.413619]]}}, {"type": "Feature", "properties": {"scalerank": 5, "featurecla": "Road", "type": "Unknown", "sov_a3": null, "note": null, "edited": "New in version 2.0.0", "name": null, "namealt": null, "namealtt": null, "routeraw": null, "question": 0, "length_km": 114, "toll": 0, "ne_part": "global_basic", "label": null, "label2": null, "local": null, "localtype": null, "localalt": null, "labelrank": 0, "ignore": 0, "add": 0, "rwdb_rd_id": 24710, "orig_fid": 9012, "prefix": null, "uident": 0, "continent": "Asia", "expressway": 0, "level": null, "min_zoom": 5, "min_label": 8}, "bbox": [94.687581, 40.149656, 95.434102, 41.057029], "geometry": {"type": "LineString", "coordinates": [[94.687581, 40.149656], [94.704079, 40.166154], [94.73295, 40.207398], [94.790692, 40.277513], [94.815438, 40.318757], [94.856683, 40.372375], [94.897927, 40.425992], [94.902051, 40.438365], [94.926798, 40.463112], [94.951544, 40.491983], [94.972166, 40.51673], [94.996913, 40.537352], [95.017535, 40.562098], [95.042282, 40.58272], [95.058779, 40.607467], [95.071153, 40.615716], [95.091775, 40.652835], [95.100023, 40.661084], [95.137143, 40.710577], [95.16189, 40.747697], [95.211383, 40.809563], [95.265, 40.87143], [95.293871, 40.90855], [95.306245, 40.920923], [95.335116, 40.953918], [95.351613, 40.970416], [95.351613, 40.978665], [95.372235, 41.007536], [95.405231, 41.044656], [95.434102, 41.057029]]}}, {"type": "Feature", "properties": {"scalerank": 3, "featurecla": "Road", "type": "Major Highway", "sov_a3": null, "note": null, "edited": "New in version 2.0.0", "name": null, "namealt": null, "namealtt": null, "routeraw": null, "question": 0, "length_km": 29, "toll": 0, "ne_part": "global_basic", "label": null, "label2": null, "local": null, "localtype": null, "localalt": null, "labelrank": 0, "ignore": 0, "add": 0, "rwdb_rd_id": 24715, "orig_fid": 9015, "prefix": null, "uident": 0, "continent": "Asia", "expressway": 1, "level": null, "min_zoom": 3, "min_label": 6}, "bbox": [97.038502, 40.149656, 97.261221, 40.289886], "geometry": {"type": "LineString", "coordinates": [[97.261221, 40.157905], [97.224101, 40.149656], [97.203479, 40.157905], [97.182857, 40.182651], [97.166359, 40.215647], [97.15811, 40.232144], [97.083871, 40.289886], [97.063248, 40.285762], [97.038502, 40.289886]]}}, {"type": "Feature", "properties": {"scalerank": 4, "featurecla": "Road", "type": "Road", "sov_a3": null, "note": null, "edited": "New in version 2.0.0", "name": null, "namealt": null, "namealtt": null, "routeraw": null, "question": 0, "length_km": 139, "toll": 0, "ne_part": "global_basic", "label": null, "label2": null, "local": null, "localtype": null, "localalt": null, "labelrank": 0, "ignore": 0, "add": 0, "rwdb_rd_id": 24720, "orig_fid": 9019, "prefix": null, "uident": 0, "continent": "Asia", "expressway": 0, "level": null, "min_zoom": 4, "min_label": 7}, "bbox": [94.687581, 40.145532, 95.801175, 40.557974], "geometry": {"type": "LineString", "coordinates": [[94.687581, 40.149656], [94.691706, 40.149656], [94.720577, 40.145532], [94.757696, 40.15378], [94.823687, 40.170278], [94.848434, 40.170278], [94.897927, 40.166154], [94.959793, 40.15378], [94.980415, 40.15378], [95.001037, 40.162029], [95.038157, 40.199149], [95.054655, 40.211522], [95.108272, 40.236269], [95.166014, 40.244518], [95.227881, 40.244518], [95.306245, 40.261015], [95.401106, 40.294011], [95.442351, 40.314633], [95.537212, 40.351753], [95.557834, 40.364126], [95.644447, 40.384748], [95.69394, 40.397121], [95.772304, 40.417743], [95.792926, 40.421868], [95.797051, 40.430117], [95.801175, 40.487859], [95.792926, 40.537352], [95.792926, 40.557974]]}}, {"type": "Feature", "properties": {"scalerank": 3, "featurecla": "Road", "type": "Major Highway", "sov_a3": null, "note": null, "edited": "New in version 2.0.0", "name": null, "namealt": null, "namealtt": null, "routeraw": null, "question": 0, "length_km": 22, "toll": 0, "ne_part": "global_basic", "label": null, "label2": null, "local": null, "localtype": null, "localalt": null, "labelrank": 0, "ignore": 0, "add": 0, "rwdb_rd_id": 24893, "orig_fid": 9110, "prefix": null, "uident": 0, "continent": "Asia", "expressway": 1, "level": null, "min_zoom": 3, "min_label": 6}, "bbox": [97.261221, 40.034172, 97.438571, 40.157905], "geometry": {"type": "LineString", "coordinates": [[97.438571, 40.034172], [97.422073, 40.046545], [97.347834, 40.108412], [97.298341, 40.141407], [97.261221, 40.157905]]}}, {"type": "Feature", "properties": {"scalerank": 9, "featurecla": "Road", "type": "Unknown", "sov_a3": null, "note": null, "edited": "New in version 2.0.0", "name": null, "namealt": null, "namealtt": null, "routeraw": null, "question": 0, "length_km": 76, "toll": 0, "ne_part": "global_basic", "label": null, "label2": null, "local": null, "localtype": null, "localalt": null, "labelrank": 0, "ignore": 0, "add": 0, "rwdb_rd_id": 24953, "orig_fid": 9150, "prefix": null, "uident": 0, "continent": "Asia", "expressway": 0, "level": null, "min_zoom": 7.6, "min_label": 10.1}, "bbox": [98.62228, 40.001177, 98.902741, 40.735324], "geometry": {"type": "LineString", "coordinates": [[98.902741, 40.001177], [98.886243, 40.025923], [98.861497, 40.05067], [98.770759, 40.137283], [98.754262, 40.186776], [98.746013, 40.199149], [98.704769, 40.244518], [98.692395, 40.261015], [98.692395, 40.306384], [98.684146, 40.331131], [98.671773, 40.36825], [98.647027, 40.421868], [98.6594, 40.483734], [98.663524, 40.491983], [98.671773, 40.549725], [98.6594, 40.590969], [98.655275, 40.599218], [98.642902, 40.636338], [98.634653, 40.661084], [98.62228, 40.698204], [98.626404, 40.735324]]}}, {"type": "Feature", "properties": {"scalerank": 5, "featurecla": "Road", "type": "Unknown", "sov_a3": null, "note": null, "edited": "New in version 2.0.0", "name": null, "namealt": null, "namealtt": null, "routeraw": null, "question": 0, "length_km": 32, "toll": 0, "ne_part": "global_basic", "label": null, "label2": null, "local": null, "localtype": null, "localalt": null, "labelrank": 0, "ignore": 0, "add": 0, "rwdb_rd_id": 24954, "orig_fid": 9151, "prefix": null, "uident": 0, "continent": "Asia", "expressway": 0, "level": null, "min_zoom": 5, "min_label": 8}, "bbox": [98.915114, 40.001177, 99.084215, 40.294011], "geometry": {"type": "LineString", "coordinates": [[98.915114, 40.001177], [98.923363, 40.021799], [98.960483, 40.054794], [98.981105, 40.079541], [99.009976, 40.141407], [99.026473, 40.170278], [99.05122, 40.219771], [99.063593, 40.256891], [99.084215, 40.294011]]}}, {"type": "Feature", "properties": {"scalerank": 5, "featurecla": "Road", "type": "Unknown", "sov_a3": null, "note": null, "edited": "New in version 2.0.0", "name": null, "namealt": null, "namealtt": null, "routeraw": null, "question": 0, "length_km": 1, "toll": 0, "ne_part": "global_basic", "label": null, "label2": null, "local": null, "localtype": null, "localalt": null, "labelrank": 0, "ignore": 0, "add": 0, "rwdb_rd_id": 24963, "orig_fid": 9158, "prefix": null, "uident": 0, "continent": "Asia", "expressway": 0, "level": null, "min_zoom": 5, "min_label": 8}, "bbox": [98.91099, 39.997052, 98.915114, 40.001177], "geometry": {"type": "LineString", "coordinates": [[98.91099, 39.997052], [98.915114, 40.001177]]}}, {"type": "Feature", "properties": {"scalerank": 4, "featurecla": "Road", "type": "Road", "sov_a3": null, "note": null, "edited": "New in version 2.0.0", "name": null, "namealt": null, "namealtt": null, "routeraw": null, "question": 0, "length_km": 55, "toll": 0, "ne_part": "global_basic", "label": null, "label2": null, "local": null, "localtype": null, "localalt": null, "labelrank": 0, "ignore": 0, "add": 0, "rwdb_rd_id": 25138, "orig_fid": 9266, "prefix": null, "uident": 0, "continent": "Asia", "expressway": 0, "level": null, "min_zoom": 4, "min_label": 7}, "bbox": [94.299886, 39.885693, 94.687581, 40.149656], "geometry": {"type": "LineString", "coordinates": [[94.345254, 39.885693], [94.30401, 39.935186], [94.299886, 39.968181], [94.320508, 39.984679], [94.37825, 40.009426], [94.411245, 40.030048], [94.580346, 40.108412], [94.662835, 40.145532], [94.687581, 40.149656]]}}, {"type": "Feature", "properties": {"scalerank": 6, "featurecla": "Road", "type": "Unknown", "sov_a3": null, "note": null, "edited": "New in version 2.0.0", "name": null, "namealt": null, "namealtt": null, "routeraw": null, "question": 0, "length_km": 64, "toll": 0, "ne_part": "global_basic", "label": null, "label2": null, "local": null, "localtype": null, "localalt": null, "labelrank": 0, "ignore": 0, "add": 0, "rwdb_rd_id": 25164, "orig_fid": 9282, "prefix": null, "uident": 0, "continent": "Asia", "expressway": 0, "level": null, "min_zoom": 6, "min_label": 8.5}, "bbox": [103.62108, 39.865071, 104.186126, 40.005301], "geometry": {"type": "LineString", "coordinates": [[104.186126, 40.005301], [104.132508, 39.992928], [104.05002, 39.972306], [103.87267, 39.918688], [103.83555, 39.918688], [103.781932, 39.910439], [103.748937, 39.902191], [103.699444, 39.898066], [103.654075, 39.889817], [103.62108, 39.865071]]}}, {"type": "Feature", "properties": {"scalerank": 5, "featurecla": "Road", "type": "Unknown", "sov_a3": null, "note": null, "edited": "New in version 2.0.0", "name": null, "namealt": null, "namealtt": null, "routeraw": null, "question": 0, "length_km": 57, "toll": 0, "ne_part": "global_basic", "label": null, "label2": null, "local": null, "localtype": null, "localalt": null, "labelrank": 0, "ignore": 0, "add": 0, "rwdb_rd_id": 25272, "orig_fid": 9341, "prefix": null, "uident": 0, "continent": "Asia", "expressway": 0, "level": null, "min_zoom": 5, "min_label": 8}, "bbox": [97.430322, 39.803204, 97.842764, 40.034172], "geometry": {"type": "LineString", "coordinates": [[97.842764, 39.803204], [97.822142, 39.803204], [97.780898, 39.811453], [97.615921, 39.819702], [97.582926, 39.815578], [97.558179, 39.819702], [97.533433, 39.832075], [97.525184, 39.8362], [97.48394, 39.893942], [97.442695, 39.93931], [97.430322, 39.959933], [97.430322, 39.97643], [97.442695, 40.021799], [97.438571, 40.034172]]}}, {"type": "Feature", "properties": {"scalerank": 3, "featurecla": "Road", "type": "Major Highway", "sov_a3": null, "note": null, "edited": "New in version 2.0.0", "name": null, "namealt": null, "namealtt": null, "routeraw": null, "question": 0, "length_km": 77, "toll": 0, "ne_part": "global_basic", "label": null, "label2": null, "local": null, "localtype": null, "localalt": null, "labelrank": 0, "ignore": 0, "add": 0, "rwdb_rd_id": 25279, "orig_fid": 9343, "prefix": null, "uident": 0, "continent": "Asia", "expressway": 1, "level": null, "min_zoom": 3, "min_label": 6}, "bbox": [97.438571, 39.79908, 98.09023, 40.034172], "geometry": {"type": "LineString", "coordinates": [[98.09023, 39.79908], [98.081981, 39.823827], [98.057234, 39.832075], [97.991243, 39.8362], [97.896382, 39.87332], [97.789147, 39.935186], [97.735529, 39.951684], [97.570552, 39.988803], [97.492188, 40.025923], [97.463317, 40.034172], [97.438571, 40.034172]]}}, {"type": "Feature", "properties": {"scalerank": 5, "featurecla": "Road", "type": "Unknown", "sov_a3": null, "note": null, "edited": "New in version 2.0.0", "name": null, "namealt": null, "namealtt": null, "routeraw": null, "question": 0, "length_km": 28, "toll": 0, "ne_part": "global_basic", "label": null, "label2": null, "local": null, "localtype": null, "localalt": null, "labelrank": 0, "ignore": 0, "add": 0, "rwdb_rd_id": 25280, "orig_fid": 9344, "prefix": null, "uident": 0, "continent": "Asia", "expressway": 0, "level": null, "min_zoom": 5, "min_label": 8}, "bbox": [97.842764, 39.79908, 98.09023, 39.823827], "geometry": {"type": "LineString", "coordinates": [[98.09023, 39.79908], [98.073732, 39.803204], [97.991243, 39.823827], [97.925253, 39.815578], [97.871635, 39.803204], [97.842764, 39.803204]]}}, {"type": "Feature", "properties": {"scalerank": 5, "featurecla": "Road", "type": "Unknown", "sov_a3": null, "note": null, "edited": "New in version 2.0.0", "name": null, "namealt": null, "namealtt": null, "routeraw": null, "question": 0, "length_km": 24, "toll": 0, "ne_part": "global_basic", "label": null, "label2": null, "local": null, "localtype": null, "localalt": null, "labelrank": 0, "ignore": 0, "add": 0, "rwdb_rd_id": 25301, "orig_fid": 9358, "prefix": null, "uident": 0, "continent": "Asia", "expressway": 0, "level": null, "min_zoom": 5, "min_label": 8}, "bbox": [98.791381, 39.794956, 98.91099, 39.997052], "geometry": {"type": "LineString", "coordinates": [[98.791381, 39.794956], [98.820252, 39.807329], [98.849123, 39.823827], [98.87387, 39.860946], [98.882119, 39.889817], [98.894492, 39.968181], [98.91099, 39.997052]]}}, {"type": "Feature", "properties": {"scalerank": 3, "featurecla": "Road", "type": "Major Highway", "sov_a3": null, "note": null, "edited": "New in version 2.0.0", "name": null, "namealt": null, "namealtt": null, "routeraw": null, "question": 0, "length_km": 28, "toll": 0, "ne_part": "global_basic", "label": null, "label2": null, "local": null, "localtype": null, "localalt": null, "labelrank": 0, "ignore": 0, "add": 0, "rwdb_rd_id": 25315, "orig_fid": 9369, "prefix": null, "uident": 0, "continent": "Asia", "expressway": 1, "level": null, "min_zoom": 3, "min_label": 6}, "bbox": [98.09023, 39.782582, 98.333571, 39.803204], "geometry": {"type": "LineString", "coordinates": [[98.333571, 39.782582], [98.292326, 39.790831], [98.26758, 39.794956], [98.255206, 39.803204], [98.209838, 39.803204], [98.172718, 39.790831], [98.131474, 39.786707], [98.09023, 39.79908]]}}, {"type": "Feature", "properties": {"scalerank": 5, "featurecla": "Road", "type": "Unknown", "sov_a3": null, "note": null, "edited": "New in version 2.0.0", "name": null, "namealt": null, "namealtt": null, "routeraw": null, "question": 0, "length_km": 30, "toll": 0, "ne_part": "global_basic", "label": null, "label2": null, "local": null, "localtype": null, "localalt": null, "labelrank": 0, "ignore": 0, "add": 0, "rwdb_rd_id": 25372, "orig_fid": 9398, "prefix": null, "uident": 0, "continent": "Asia", "expressway": 0, "level": null, "min_zoom": 5, "min_label": 8}, "bbox": [98.523294, 39.733089, 98.791381, 39.794956], "geometry": {"type": "LineString", "coordinates": [[98.523294, 39.733089], [98.535667, 39.741338], [98.58516, 39.749587], [98.62228, 39.76196], [98.663524, 39.766085], [98.708893, 39.778458], [98.746013, 39.782582], [98.791381, 39.794956]]}}, {"type": "Feature", "properties": {"scalerank": 3, "featurecla": "Road", "type": "Major Highway", "sov_a3": null, "note": null, "edited": "New in version 2.0.0", "name": null, "namealt": null, "namealtt": null, "routeraw": null, "question": 0, "length_km": 22, "toll": 0, "ne_part": "global_basic", "label": null, "label2": null, "local": null, "localtype": null, "localalt": null, "labelrank": 0, "ignore": 0, "add": 0, "rwdb_rd_id": 25373, "orig_fid": 9399, "prefix": null, "uident": 0, "continent": "Asia", "expressway": 1, "level": null, "min_zoom": 3, "min_label": 6}, "bbox": [98.333571, 39.733089, 98.523294, 39.782582], "geometry": {"type": "LineString", "coordinates": [[98.523294, 39.733089], [98.510921, 39.741338], [98.428432, 39.76196], [98.399561, 39.76196], [98.345944, 39.774334], [98.333571, 39.782582]]}}, {"type": "Feature", "properties": {"scalerank": 9, "featurecla": "Road", "type": "Unknown", "sov_a3": null, "note": null, "edited": "New in version 2.0.0", "name": null, "namealt": null, "namealtt": null, "routeraw": null, "question": 0, "length_km": 46, "toll": 0, "ne_part": "global_basic", "label": null, "label2": null, "local": null, "localtype": null, "localalt": null, "labelrank": 0, "ignore": 0, "add": 0, "rwdb_rd_id": 25389, "orig_fid": 9405, "prefix": null, "uident": 0, "continent": "Asia", "expressway": 0, "level": null, "min_zoom": 7.6, "min_label": 10.1}, "bbox": [98.737764, 39.728965, 99.141957, 39.774334], "geometry": {"type": "LineString", "coordinates": [[98.737764, 39.774334], [98.758386, 39.766085], [98.807879, 39.757836], [98.853248, 39.76196], [98.906865, 39.770209], [98.964607, 39.774334], [98.993478, 39.774334], [99.038847, 39.749587], [99.084215, 39.737214], [99.12546, 39.733089], [99.141957, 39.728965]]}}, {"type": "Feature", "properties": {"scalerank": 10, "featurecla": "Road", "type": "Unknown", "sov_a3": null, "note": null, "edited": "New in version 2.0.0", "name": null, "namealt": null, "namealtt": null, "routeraw": null, "question": 0, "length_km": 31, "toll": 0, "ne_part": "global_basic", "label": null, "label2": null, "local": null, "localtype": null, "localalt": null, "labelrank": 0, "ignore": 0, "add": 0, "rwdb_rd_id": 25400, "orig_fid": 9412, "prefix": null, "uident": 0, "continent": "Asia", "expressway": 0, "level": null, "min_zoom": 7.7, "min_label": 10.2}, "bbox": [94.345254, 39.720716, 94.588595, 39.885693], "geometry": {"type": "LineString", "coordinates": [[94.345254, 39.885693], [94.361752, 39.877444], [94.431867, 39.832075], [94.506107, 39.770209], [94.534978, 39.749587], [94.588595, 39.720716]]}}, {"type": "Feature", "properties": {"scalerank": 10, "featurecla": "Road", "type": "Unknown", "sov_a3": null, "note": null, "edited": "New in version 2.0.0", "name": null, "namealt": null, "namealtt": null, "routeraw": null, "question": 0, "length_km": 9, "toll": 0, "ne_part": "global_basic", "label": null, "label2": null, "local": null, "localtype": null, "localalt": null, "labelrank": 0, "ignore": 0, "add": 0, "rwdb_rd_id": 25508, "orig_fid": 9478, "prefix": null, "uident": 0, "continent": "Asia", "expressway": 0, "level": null, "min_zoom": 7.7, "min_label": 10.2}, "bbox": [98.477925, 39.650601, 98.523294, 39.733089], "geometry": {"type": "LineString", "coordinates": [[98.477925, 39.650601], [98.486174, 39.675347], [98.515045, 39.712467], [98.523294, 39.733089]]}}, {"type": "Feature", "properties": {"scalerank": 9, "featurecla": "Road", "type": "Unknown", "sov_a3": null, "note": null, "edited": "New in version 2.0.0", "name": null, "namealt": null, "namealtt": null, "routeraw": null, "question": 0, "length_km": 136, "toll": 0, "ne_part": "global_basic", "label": null, "label2": null, "local": null, "localtype": null, "localalt": null, "labelrank": 0, "ignore": 0, "add": 0, "rwdb_rd_id": 25517, "orig_fid": 9480, "prefix": null, "uident": 0, "continent": "Asia", "expressway": 0, "level": null, "min_zoom": 7.6, "min_label": 10.1}, "bbox": [96.073387, 39.646476, 97.038502, 40.289886], "geometry": {"type": "LineString", "coordinates": [[97.038502, 40.289886], [97.013755, 40.261015], [97.001382, 40.244518], [96.976636, 40.219771], [96.947765, 40.186776], [96.918894, 40.145532], [96.894147, 40.133158], [96.852903, 40.112536], [96.819908, 40.08779], [96.791037, 40.063043], [96.76629, 40.054794], [96.712673, 40.017674], [96.66318, 39.988803], [96.659055, 39.97643], [96.667304, 39.951684], [96.679677, 39.935186], [96.708548, 39.914564], [96.712673, 39.889817], [96.704424, 39.881568], [96.605438, 39.852698], [96.555945, 39.840324], [96.531198, 39.815578], [96.465207, 39.786707], [96.362097, 39.757836], [96.312604, 39.741338], [96.254862, 39.716592], [96.221866, 39.708343], [96.172373, 39.691845], [96.12288, 39.65885], [96.081636, 39.646476], [96.073387, 39.646476]]}}, {"type": "Feature", "properties": {"scalerank": 9, "featurecla": "Road", "type": "Unknown", "sov_a3": null, "note": null, "edited": "New in version 2.0.0", "name": null, "namealt": null, "namealtt": null, "routeraw": null, "question": 0, "length_km": 50, "toll": 0, "ne_part": "global_basic", "label": null, "label2": null, "local": null, "localtype": null, "localalt": null, "labelrank": 0, "ignore": 0, "add": 0, "rwdb_rd_id": 25530, "orig_fid": 9487, "prefix": null, "uident": 0, "continent": "Asia", "expressway": 0, "level": null, "min_zoom": 7.6, "min_label": 10.1}, "bbox": [99.141957, 39.629979, 99.579146, 39.728965], "geometry": {"type": "LineString", "coordinates": [[99.579146, 39.629979], [99.542026, 39.65885], [99.492533, 39.667099], [99.434791, 39.671223], [99.381174, 39.679472], [99.319307, 39.695969], [99.278063, 39.712467], [99.240943, 39.728965], [99.224446, 39.728965], [99.174953, 39.72484], [99.141957, 39.728965]]}}, {"type": "Feature", "properties": {"scalerank": 4, "featurecla": "Road", "type": "Road", "sov_a3": null, "note": null, "edited": "New in version 2.0.0", "name": null, "namealt": null, "namealtt": null, "routeraw": null, "question": 0, "length_km": 30, "toll": 0, "ne_part": "global_basic", "label": null, "label2": null, "local": null, "localtype": null, "localalt": null, "labelrank": 0, "ignore": 0, "add": 0, "rwdb_rd_id": 25594, "orig_fid": 9521, "prefix": null, "uident": 0, "continent": "Asia", "expressway": 0, "level": null, "min_zoom": 4, "min_label": 7}, "bbox": [94.279263, 39.58461, 94.357627, 39.885693], "geometry": {"type": "LineString", "coordinates": [[94.345254, 39.885693], [94.349379, 39.869195], [94.357627, 39.840324], [94.357627, 39.770209], [94.353503, 39.654725], [94.345254, 39.634103], [94.291637, 39.596983], [94.279263, 39.58461]]}}, {"type": "Feature", "properties": {"scalerank": 9, "featurecla": "Road", "type": "Unknown", "sov_a3": null, "note": null, "edited": "New in version 2.0.0", "name": null, "namealt": null, "namealtt": null, "routeraw": null, "question": 0, "length_km": 44, "toll": 0, "ne_part": "global_basic", "label": null, "label2": null, "local": null, "localtype": null, "localalt": null, "labelrank": 0, "ignore": 0, "add": 0, "rwdb_rd_id": 25612, "orig_fid": 9532, "prefix": null, "uident": 0, "continent": "Asia", "expressway": 0, "level": null, "min_zoom": 7.6, "min_label": 10.1}, "bbox": [94.279263, 39.572237, 94.59272, 39.720716], "geometry": {"type": "LineString", "coordinates": [[94.279263, 39.58461], [94.291637, 39.580486], [94.328757, 39.572237], [94.349379, 39.572237], [94.452489, 39.58461], [94.514356, 39.596983], [94.580346, 39.617605], [94.588595, 39.625854], [94.59272, 39.662974], [94.580346, 39.687721], [94.576222, 39.704218], [94.588595, 39.720716]]}}, {"type": "Feature", "properties": {"scalerank": 9, "featurecla": "Road", "type": "Unknown", "sov_a3": null, "note": null, "edited": "New in version 2.0.0", "name": null, "namealt": null, "namealtt": null, "routeraw": null, "question": 0, "length_km": 179, "toll": 0, "ne_part": "global_basic", "label": null, "label2": null, "local": null, "localtype": null, "localalt": null, "labelrank": 0, "ignore": 0, "add": 0, "rwdb_rd_id": 25663, "orig_fid": 9561, "prefix": null, "uident": 0, "continent": "Asia", "expressway": 0, "level": null, "min_zoom": 7.6, "min_label": 10.1}, "bbox": [94.588595, 39.526868, 96.073387, 39.72484], "geometry": {"type": "LineString", "coordinates": [[96.073387, 39.646476], [96.048641, 39.634103], [96.044516, 39.62173], [95.962028, 39.613481], [95.920784, 39.605232], [95.867166, 39.601108], [95.830046, 39.613481], [95.764055, 39.65885], [95.681567, 39.695969], [95.660945, 39.712467], [95.640323, 39.720716], [95.59083, 39.72484], [95.55371, 39.720716], [95.524839, 39.716592], [95.500092, 39.704218], [95.429977, 39.712467], [95.388733, 39.704218], [95.318618, 39.687721], [95.289747, 39.675347], [95.256752, 39.675347], [95.207258, 39.687721], [95.186636, 39.687721], [95.104148, 39.667099], [95.071153, 39.646476], [94.996913, 39.617605], [94.976291, 39.596983], [94.951544, 39.563988], [94.935047, 39.551615], [94.881429, 39.526868], [94.87318, 39.526868], [94.856683, 39.551615], [94.80719, 39.58461], [94.794816, 39.613481], [94.794816, 39.629979], [94.790692, 39.642352], [94.753572, 39.671223], [94.683457, 39.704218], [94.638088, 39.716592], [94.600968, 39.72484], [94.588595, 39.720716]]}}, {"type": "Feature", "properties": {"scalerank": 9, "featurecla": "Road", "type": "Unknown", "sov_a3": null, "note": null, "edited": "New in version 2.0.0", "name": null, "namealt": null, "namealtt": null, "routeraw": null, "question": 0, "length_km": 1, "toll": 0, "ne_part": "global_basic", "label": null, "label2": null, "local": null, "localtype": null, "localalt": null, "labelrank": 0, "ignore": 0, "add": 0, "rwdb_rd_id": 25850, "orig_fid": 9673, "prefix": null, "uident": 0, "continent": "Asia", "expressway": 0, "level": null, "min_zoom": 7.6, "min_label": 10.1}, "bbox": [99.818363, 39.361891, 99.822487, 39.37014], "geometry": {"type": "LineString", "coordinates": [[99.818363, 39.361891], [99.822487, 39.37014]]}}, {"type": "Feature", "properties": {"scalerank": 9, "featurecla": "Road", "type": "Unknown", "sov_a3": null, "note": null, "edited": "New in version 2.0.0", "name": null, "namealt": null, "namealtt": null, "routeraw": null, "question": 0, "length_km": 39, "toll": 0, "ne_part": "global_basic", "label": null, "label2": null, "local": null, "localtype": null, "localalt": null, "labelrank": 0, "ignore": 0, "add": 0, "rwdb_rd_id": 25851, "orig_fid": 9674, "prefix": null, "uident": 0, "continent": "Asia", "expressway": 0, "level": null, "min_zoom": 7.6, "min_label": 10.1}, "bbox": [99.579146, 39.361891, 99.818363, 39.629979], "geometry": {"type": "LineString", "coordinates": [[99.579146, 39.629979], [99.616266, 39.592859], [99.62039, 39.572237], [99.62039, 39.54749], [99.616266, 39.522744], [99.62039, 39.497997], [99.632764, 39.477375], [99.674008, 39.44438], [99.715252, 39.40726], [99.744123, 39.390762], [99.818363, 39.361891]]}}, {"type": "Feature", "properties": {"scalerank": 4, "featurecla": "Road", "type": "Road", "sov_a3": null, "note": null, "edited": "New in version 2.0.0", "name": null, "namealt": null, "namealtt": null, "routeraw": null, "question": 0, "length_km": 30, "toll": 0, "ne_part": "global_basic", "label": null, "label2": null, "local": null, "localtype": null, "localalt": null, "labelrank": 0, "ignore": 0, "add": 0, "rwdb_rd_id": 25895, "orig_fid": 9699, "prefix": null, "uident": 0, "continent": "Asia", "expressway": 0, "level": null, "min_zoom": 4, "min_label": 7}, "bbox": [94.26689, 39.324771, 94.328757, 39.58461], "geometry": {"type": "LineString", "coordinates": [[94.279263, 39.58461], [94.271015, 39.502122], [94.26689, 39.465002], [94.279263, 39.427882], [94.320508, 39.378389], [94.328757, 39.361891], [94.328757, 39.345394], [94.308134, 39.337145], [94.275139, 39.328896], [94.26689, 39.324771]]}}, {"type": "Feature", "properties": {"scalerank": 6, "featurecla": "Road", "type": "Unknown", "sov_a3": null, "note": null, "edited": "New in version 2.0.0", "name": null, "namealt": null, "namealtt": null, "routeraw": null, "question": 0, "length_km": 104, "toll": 0, "ne_part": "global_basic", "label": null, "label2": null, "local": null, "localtype": null, "localalt": null, "labelrank": 0, "ignore": 0, "add": 0, "rwdb_rd_id": 25896, "orig_fid": 9700, "prefix": null, "uident": 0, "continent": "Asia", "expressway": 0, "level": null, "min_zoom": 6, "min_label": 8.5}, "bbox": [102.886933, 39.324771, 103.62108, 39.865071], "geometry": {"type": "LineString", "coordinates": [[103.62108, 39.865071], [103.588084, 39.848573], [103.550965, 39.8362], [103.530343, 39.827951], [103.50972, 39.807329], [103.480849, 39.76196], [103.447854, 39.733089], [103.410734, 39.737214], [103.315873, 39.741338], [103.258131, 39.733089], [103.22926, 39.72484], [103.19214, 39.708343], [103.130274, 39.667099], [103.109651, 39.662974], [103.08078, 39.638228], [103.064283, 39.62173], [103.031287, 39.563988], [103.027163, 39.543366], [103.006541, 39.502122], [102.998292, 39.4815], [102.973546, 39.44438], [102.969421, 39.432006], [102.944675, 39.394887], [102.932301, 39.345394], [102.928177, 39.33302], [102.911679, 39.324771], [102.899306, 39.324771], [102.886933, 39.357767]]}}, {"type": "Feature", "properties": {"scalerank": 9, "featurecla": "Road", "type": "Unknown", "sov_a3": null, "note": null, "edited": "New in version 2.0.0", "name": null, "namealt": null, "namealtt": null, "routeraw": null, "question": 0, "length_km": 5, "toll": 0, "ne_part": "global_basic", "label": null, "label2": null, "local": null, "localtype": null, "localalt": null, "labelrank": 0, "ignore": 0, "add": 0, "rwdb_rd_id": 25913, "orig_fid": 9713, "prefix": null, "uident": 0, "continent": "Asia", "expressway": 0, "level": null, "min_zoom": 7.6, "min_label": 10.1}, "bbox": [99.805989, 39.312398, 99.818363, 39.361891], "geometry": {"type": "LineString", "coordinates": [[99.805989, 39.312398], [99.805989, 39.33302], [99.818363, 39.361891]]}}, {"type": "Feature", "properties": {"scalerank": 5, "featurecla": "Road", "type": "Unknown", "sov_a3": null, "note": null, "edited": "New in version 2.0.0", "name": null, "namealt": null, "namealtt": null, "routeraw": null, "question": 0, "length_km": 4, "toll": 0, "ne_part": "global_basic", "label": null, "label2": null, "local": null, "localtype": null, "localalt": null, "labelrank": 0, "ignore": 0, "add": 0, "rwdb_rd_id": 25941, "orig_fid": 9725, "prefix": null, "uident": 0, "continent": "Asia", "expressway": 0, "level": null, "min_zoom": 5, "min_label": 8}, "bbox": [94.246268, 39.283527, 94.26689, 39.324771], "geometry": {"type": "LineString", "coordinates": [[94.26689, 39.324771], [94.250393, 39.308274], [94.246268, 39.283527]]}}, {"type": "Feature", "properties": {"scalerank": 3, "featurecla": "Road", "type": "Major Highway", "sov_a3": null, "note": null, "edited": "New in version 2.0.0", "name": null, "namealt": null, "namealtt": null, "routeraw": null, "question": 0, "length_km": 41, "toll": 0, "ne_part": "global_basic", "label": null, "label2": null, "local": null, "localtype": null, "localalt": null, "labelrank": 0, "ignore": 0, "add": 0, "rwdb_rd_id": 25987, "orig_fid": 9749, "prefix": null, "uident": 0, "continent": "Asia", "expressway": 1, "level": null, "min_zoom": 3, "min_label": 6}, "bbox": [99.447165, 39.242283, 99.805989, 39.33302], "geometry": {"type": "LineString", "coordinates": [[99.805989, 39.312398], [99.764745, 39.328896], [99.748247, 39.33302], [99.690505, 39.324771], [99.587395, 39.279403], [99.562648, 39.271154], [99.542026, 39.271154], [99.496658, 39.262905], [99.471911, 39.246407], [99.447165, 39.242283]]}}, {"type": "Feature", "properties": {"scalerank": 3, "featurecla": "Road", "type": "Major Highway", "sov_a3": null, "note": null, "edited": "New in version 2.0.0", "name": null, "namealt": null, "namealtt": null, "routeraw": null, "question": 0, "length_km": 116, "toll": 0, "ne_part": "global_basic", "label": null, "label2": null, "local": null, "localtype": null, "localalt": null, "labelrank": 0, "ignore": 0, "add": 0, "rwdb_rd_id": 25991, "orig_fid": 9751, "prefix": null, "uident": 0, "continent": "Asia", "expressway": 1, "level": null, "min_zoom": 3, "min_label": 6}, "bbox": [98.523294, 39.238159, 99.447165, 39.733089], "geometry": {"type": "LineString", "coordinates": [[99.447165, 39.242283], [99.418294, 39.238159], [99.389423, 39.246407], [99.364676, 39.258781], [99.335805, 39.26703], [99.179077, 39.341269], [99.12546, 39.361891], [99.038847, 39.37014], [99.001727, 39.394887], [99.001727, 39.399011], [98.964607, 39.423758], [98.964607, 39.452629], [98.935736, 39.51037], [98.927487, 39.526868], [98.902741, 39.551615], [98.87387, 39.563988], [98.737764, 39.58461], [98.717142, 39.592859], [98.642902, 39.662974], [98.605782, 39.691845], [98.576911, 39.712467], [98.523294, 39.733089]]}}, {"type": "Feature", "properties": {"scalerank": 9, "featurecla": "Road", "type": "Unknown", "sov_a3": null, "note": null, "edited": "New in version 2.0.0", "name": null, "namealt": null, "namealtt": null, "routeraw": null, "question": 0, "length_km": 81, "toll": 0, "ne_part": "global_basic", "label": null, "label2": null, "local": null, "localtype": null, "localalt": null, "labelrank": 0, "ignore": 0, "add": 0, "rwdb_rd_id": 26055, "orig_fid": 9791, "prefix": null, "uident": 0, "continent": "Asia", "expressway": 0, "level": null, "min_zoom": 7.6, "min_label": 10.1}, "bbox": [101.055689, 39.184541, 101.682601, 39.440255], "geometry": {"type": "LineString", "coordinates": [[101.682601, 39.196914], [101.661979, 39.184541], [101.628984, 39.188666], [101.571242, 39.205163], [101.542371, 39.205163], [101.501127, 39.205163], [101.435136, 39.234034], [101.402141, 39.242283], [101.348523, 39.242283], [101.270159, 39.234034], [101.212417, 39.234034], [101.175297, 39.242283], [101.150551, 39.258781], [101.142302, 39.271154], [101.134053, 39.308274], [101.12168, 39.328896], [101.113431, 39.361891], [101.080436, 39.436131], [101.072187, 39.440255], [101.055689, 39.440255]]}}, {"type": "Feature", "properties": {"scalerank": 3, "featurecla": "Road", "type": "Major Highway", "sov_a3": null, "note": null, "edited": "New in version 2.0.0", "name": null, "namealt": null, "namealtt": null, "routeraw": null, "question": 0, "length_km": 36, "toll": 0, "ne_part": "global_basic", "label": null, "label2": null, "local": null, "localtype": null, "localalt": null, "labelrank": 0, "ignore": 0, "add": 0, "rwdb_rd_id": 26081, "orig_fid": 9802, "prefix": null, "uident": 0, "continent": "Asia", "expressway": 1, "level": null, "min_zoom": 3, "min_label": 6}, "bbox": [99.805989, 39.151546, 100.094699, 39.312398], "geometry": {"type": "LineString", "coordinates": [[99.805989, 39.312398], [99.826611, 39.295901], [99.867856, 39.279403], [99.917349, 39.250532], [99.958593, 39.205163], [99.999837, 39.176292], [100.036957, 39.168043], [100.065828, 39.163919], [100.094699, 39.151546]]}}, {"type": "Feature", "properties": {"scalerank": 9, "featurecla": "Road", "type": "Unknown", "sov_a3": null, "note": null, "edited": "New in version 2.0.0", "name": null, "namealt": null, "namealtt": null, "routeraw": null, "question": 0, "length_km": 54, "toll": 0, "ne_part": "global_basic", "label": null, "label2": null, "local": null, "localtype": null, "localalt": null, "labelrank": 0, "ignore": 0, "add": 0, "rwdb_rd_id": 26085, "orig_fid": 9805, "prefix": null, "uident": 0, "continent": "Asia", "expressway": 0, "level": null, "min_zoom": 7.6, "min_label": 10.1}, "bbox": [99.822487, 39.147421, 100.144192, 39.399011], "geometry": {"type": "LineString", "coordinates": [[100.140067, 39.147421], [100.135943, 39.168043], [100.144192, 39.209288], [100.127694, 39.238159], [100.111196, 39.254656], [100.08645, 39.283527], [100.102948, 39.328896], [100.094699, 39.349518], [100.074077, 39.37014], [100.061703, 39.374265], [100.020459, 39.378389], [99.987464, 39.374265], [99.929722, 39.382513], [99.876104, 39.390762], [99.855482, 39.399011], [99.830736, 39.394887], [99.822487, 39.386638], [99.822487, 39.37014]]}}, {"type": "Feature", "properties": {"scalerank": 3, "featurecla": "Road", "type": "Major Highway", "sov_a3": null, "note": null, "edited": "New in version 2.0.0", "name": null, "namealt": null, "namealtt": null, "routeraw": null, "question": 0, "length_km": 5, "toll": 0, "ne_part": "global_basic", "label": null, "label2": null, "local": null, "localtype": null, "localalt": null, "labelrank": 0, "ignore": 0, "add": 0, "rwdb_rd_id": 26086, "orig_fid": 9806, "prefix": null, "uident": 0, "continent": "Asia", "expressway": 1, "level": null, "min_zoom": 3, "min_label": 6}, "bbox": [100.094699, 39.147421, 100.140067, 39.151546], "geometry": {"type": "LineString", "coordinates": [[100.094699, 39.151546], [100.140067, 39.147421]]}}, {"type": "Feature", "properties": {"scalerank": 9, "featurecla": "Road", "type": "Unknown", "sov_a3": null, "note": null, "edited": "New in version 2.0.0", "name": null, "namealt": null, "namealtt": null, "routeraw": null, "question": 0, "length_km": 252, "toll": 0, "ne_part": "global_basic", "label": null, "label2": null, "local": null, "localtype": null, "localalt": null, "labelrank": 0, "ignore": 0, "add": 0, "rwdb_rd_id": 26233, "orig_fid": 9893, "prefix": null, "uident": 0, "continent": "Asia", "expressway": 0, "level": null, "min_zoom": 7.6, "min_label": 10.1}, "bbox": [92.221177, 39.036062, 94.279263, 39.642352], "geometry": {"type": "LineString", "coordinates": [[94.279263, 39.58461], [94.246268, 39.592859], [94.196775, 39.588735], [94.16378, 39.580486], [94.110162, 39.559864], [94.093664, 39.551615], [94.056545, 39.543366], [94.011176, 39.535117], [93.945185, 39.539241], [93.908065, 39.543366], [93.854448, 39.568112], [93.804955, 39.568112], [93.788457, 39.572237], [93.738964, 39.605232], [93.69772, 39.62173], [93.635854, 39.634103], [93.606983, 39.638228], [93.532743, 39.629979], [93.499748, 39.634103], [93.466752, 39.638228], [93.417259, 39.642352], [93.367766, 39.629979], [93.347144, 39.617605], [93.301775, 39.580486], [93.219287, 39.518619], [93.202789, 39.502122], [93.149172, 39.456753], [93.12855, 39.44438], [93.107928, 39.436131], [93.074932, 39.436131], [93.025439, 39.460877], [93.008941, 39.460877], [92.971822, 39.448504], [92.934702, 39.440255], [92.885209, 39.427882], [92.868711, 39.427882], [92.815094, 39.436131], [92.798596, 39.423758], [92.765601, 39.390762], [92.732605, 39.378389], [92.716107, 39.361891], [92.69961, 39.345394], [92.687237, 39.341269], [92.650117, 39.345394], [92.596499, 39.366016], [92.580002, 39.366016], [92.534633, 39.366016], [92.514011, 39.357767], [92.452144, 39.304149], [92.398527, 39.258781], [92.377905, 39.246407], [92.349034, 39.22991], [92.340785, 39.221661], [92.332536, 39.172168], [92.324287, 39.147421], [92.299541, 39.122675], [92.266545, 39.102053], [92.262421, 39.093804], [92.254172, 39.069057], [92.250048, 39.056684], [92.225301, 39.048435], [92.221177, 39.036062]]}}, {"type": "Feature", "properties": {"scalerank": 6, "featurecla": "Road", "type": "Unknown", "sov_a3": null, "note": null, "edited": "New in version 2.0.0", "name": null, "namealt": null, "namealtt": null, "routeraw": null, "question": 0, "length_km": 54, "toll": 0, "ne_part": "global_basic", "label": null, "label2": null, "local": null, "localtype": null, "localalt": null, "labelrank": 0, "ignore": 0, "add": 0, "rwdb_rd_id": 26249, "orig_fid": 9900, "prefix": null, "uident": 0, "continent": "Asia", "expressway": 0, "level": null, "min_zoom": 6, "min_label": 8.5}, "bbox": [102.499237, 39.023689, 102.886933, 39.361891], "geometry": {"type": "LineString", "coordinates": [[102.499237, 39.023689], [102.507486, 39.031938], [102.552854, 39.114426], [102.561103, 39.130924], [102.58585, 39.172168], [102.631218, 39.22991], [102.672463, 39.254656], [102.705458, 39.283527], [102.730205, 39.300025], [102.742578, 39.304149], [102.787947, 39.320647], [102.849813, 39.361891], [102.870435, 39.361891], [102.886933, 39.357767]]}}, {"type": "Feature", "properties": {"scalerank": 9, "featurecla": "Road", "type": "Unknown", "sov_a3": null, "note": null, "edited": "New in version 2.0.0", "name": null, "namealt": null, "namealtt": null, "routeraw": null, "question": 0, "length_km": 107, "toll": 0, "ne_part": "global_basic", "label": null, "label2": null, "local": null, "localtype": null, "localalt": null, "labelrank": 0, "ignore": 0, "add": 0, "rwdb_rd_id": 26270, "orig_fid": 9908, "prefix": null, "uident": 0, "continent": "Asia", "expressway": 0, "level": null, "min_zoom": 7.6, "min_label": 10.1}, "bbox": [100.428777, 39.003067, 101.055689, 39.452629], "geometry": {"type": "LineString", "coordinates": [[101.055689, 39.440255], [101.006196, 39.432006], [100.919583, 39.436131], [100.865966, 39.440255], [100.820597, 39.452629], [100.783477, 39.452629], [100.775228, 39.44438], [100.787602, 39.390762], [100.787602, 39.378389], [100.795851, 39.357767], [100.83297, 39.275278], [100.845344, 39.254656], [100.849468, 39.238159], [100.845344, 39.221661], [100.828846, 39.217537], [100.779353, 39.205163], [100.742233, 39.19279], [100.709238, 39.196914], [100.684491, 39.19279], [100.647371, 39.196914], [100.6185, 39.188666], [100.589629, 39.172168], [100.573132, 39.168043], [100.556634, 39.15567], [100.548385, 39.122675], [100.531888, 39.102053], [100.503017, 39.081431], [100.470021, 39.060808], [100.461772, 39.023689], [100.449399, 39.011315], [100.428777, 39.003067]]}}, {"type": "Feature", "properties": {"scalerank": 3, "featurecla": "Road", "type": "Major Highway", "sov_a3": null, "note": null, "edited": "New in version 2.0.0", "name": null, "namealt": null, "namealtt": null, "routeraw": null, "question": 0, "length_km": 35, "toll": 0, "ne_part": "global_basic", "label": null, "label2": null, "local": null, "localtype": null, "localalt": null, "labelrank": 0, "ignore": 0, "add": 0, "rwdb_rd_id": 26271, "orig_fid": 9909, "prefix": null, "uident": 0, "continent": "Asia", "expressway": 1, "level": null, "min_zoom": 3, "min_label": 6}, "bbox": [100.140067, 39.003067, 100.428777, 39.147421], "geometry": {"type": "LineString", "coordinates": [[100.428777, 39.003067], [100.350413, 39.036062], [100.33804, 39.048435], [100.305044, 39.064933], [100.288547, 39.069057], [100.197809, 39.110302], [100.181312, 39.126799], [100.140067, 39.147421]]}}, {"type": "Feature", "properties": {"scalerank": 9, "featurecla": "Road", "type": "Unknown", "sov_a3": null, "note": null, "edited": "New in version 2.0.0", "name": null, "namealt": null, "namealtt": null, "routeraw": null, "question": 0, "length_km": 21, "toll": 0, "ne_part": "global_basic", "label": null, "label2": null, "local": null, "localtype": null, "localalt": null, "labelrank": 0, "ignore": 0, "add": 0, "rwdb_rd_id": 26303, "orig_fid": 9923, "prefix": null, "uident": 0, "continent": "Asia", "expressway": 0, "level": null, "min_zoom": 7.6, "min_label": 10.1}, "bbox": [100.016335, 38.974196, 100.094699, 39.151546], "geometry": {"type": "LineString", "coordinates": [[100.016335, 38.974196], [100.032832, 38.982444], [100.061703, 38.994818], [100.069952, 39.01544], [100.057579, 39.027813], [100.057579, 39.064933], [100.061703, 39.089679], [100.094699, 39.151546]]}}, {"type": "Feature", "properties": {"scalerank": 9, "featurecla": "Road", "type": "Unknown", "sov_a3": null, "note": null, "edited": "New in version 2.0.0", "name": null, "namealt": null, "namealtt": null, "routeraw": null, "question": 0, "length_km": 2, "toll": 0, "ne_part": "global_basic", "label": null, "label2": null, "local": null, "localtype": null, "localalt": null, "labelrank": 0, "ignore": 0, "add": 0, "rwdb_rd_id": 26309, "orig_fid": 9927, "prefix": null, "uident": 0, "continent": "Asia", "expressway": 0, "level": null, "min_zoom": 7.6, "min_label": 10.1}, "bbox": [99.999837, 38.961822, 100.016335, 38.974196], "geometry": {"type": "LineString", "coordinates": [[99.999837, 38.961822], [100.016335, 38.974196]]}}, {"type": "Feature", "properties": {"scalerank": 9, "featurecla": "Road", "type": "Unknown", "sov_a3": null, "note": null, "edited": "New in version 2.0.0", "name": null, "namealt": null, "namealtt": null, "routeraw": null, "question": 0, "length_km": 125, "toll": 0, "ne_part": "global_basic", "label": null, "label2": null, "local": null, "localtype": null, "localalt": null, "labelrank": 0, "ignore": 0, "add": 0, "rwdb_rd_id": 26324, "orig_fid": 9933, "prefix": null, "uident": 0, "continent": "Asia", "expressway": 0, "level": null, "min_zoom": 7.6, "min_label": 10.1}, "bbox": [103.62108, 38.953573, 103.942785, 39.865071], "geometry": {"type": "LineString", "coordinates": [[103.678822, 38.953573], [103.682946, 38.970071], [103.699444, 38.982444], [103.728315, 39.011315], [103.728315, 39.023689], [103.682946, 39.069057], [103.674697, 39.085555], [103.670573, 39.110302], [103.678822, 39.147421], [103.720066, 39.205163], [103.72419, 39.217537], [103.757186, 39.254656], [103.76131, 39.271154], [103.802554, 39.312398], [103.868545, 39.357767], [103.885043, 39.37014], [103.930411, 39.390762], [103.93866, 39.394887], [103.942785, 39.419633], [103.926287, 39.436131], [103.897416, 39.452629], [103.864421, 39.469126], [103.831425, 39.502122], [103.831425, 39.506246], [103.790181, 39.555739], [103.786057, 39.568112], [103.790181, 39.601108], [103.823176, 39.687721], [103.827301, 39.704218], [103.814928, 39.757836], [103.802554, 39.782582], [103.790181, 39.79908], [103.757186, 39.823827], [103.711817, 39.840324], [103.691195, 39.844449], [103.662324, 39.860946], [103.637577, 39.865071], [103.62108, 39.865071]]}}, {"type": "Feature", "properties": {"scalerank": 3, "featurecla": "Road", "type": "Major Highway", "sov_a3": null, "note": null, "edited": "New in version 2.0.0", "name": null, "namealt": null, "namealtt": null, "routeraw": null, "question": 0, "length_km": 8, "toll": 0, "ne_part": "global_basic", "label": null, "label2": null, "local": null, "localtype": null, "localalt": null, "labelrank": 0, "ignore": 0, "add": 0, "rwdb_rd_id": 26337, "orig_fid": 9942, "prefix": null, "uident": 0, "continent": "Asia", "expressway": 1, "level": null, "min_zoom": 3, "min_label": 6}, "bbox": [100.428777, 38.937076, 100.445275, 39.003067], "geometry": {"type": "LineString", "coordinates": [[100.437026, 38.937076], [100.428777, 38.9412], [100.445275, 38.986569], [100.428777, 39.003067]]}}, {"type": "Feature", "properties": {"scalerank": 3, "featurecla": "Road", "type": "Road", "sov_a3": null, "note": null, "edited": "New in version 2.0.0", "name": null, "namealt": null, "namealtt": null, "routeraw": null, "question": 0, "length_km": 4, "toll": 0, "ne_part": "global_basic", "label": null, "label2": null, "local": null, "localtype": null, "localalt": null, "labelrank": 0, "ignore": 0, "add": 0, "rwdb_rd_id": 26340, "orig_fid": 9944, "prefix": null, "uident": 0, "continent": "Asia", "expressway": 0, "level": null, "min_zoom": 3, "min_label": 6}, "bbox": [100.437026, 38.932951, 100.474146, 38.937076], "geometry": {"type": "LineString", "coordinates": [[100.474146, 38.937076], [100.445275, 38.932951], [100.437026, 38.937076]]}}, {"type": "Feature", "properties": {"scalerank": 6, "featurecla": "Road", "type": "Unknown", "sov_a3": null, "note": null, "edited": "New in version 2.0.0", "name": null, "namealt": null, "namealtt": null, "routeraw": null, "question": 0, "length_km": 10, "toll": 0, "ne_part": "global_basic", "label": null, "label2": null, "local": null, "localtype": null, "localalt": null, "labelrank": 0, "ignore": 0, "add": 0, "rwdb_rd_id": 26350, "orig_fid": 9949, "prefix": null, "uident": 0, "continent": "Asia", "expressway": 0, "level": null, "min_zoom": 6, "min_label": 8.5}, "bbox": [102.445619, 38.928827, 102.499237, 39.023689], "geometry": {"type": "LineString", "coordinates": [[102.445619, 38.928827], [102.466242, 38.957698], [102.470366, 38.974196], [102.482739, 38.990693], [102.499237, 39.023689]]}}, {"type": "Feature", "properties": {"scalerank": 9, "featurecla": "Road", "type": "Unknown", "sov_a3": null, "note": null, "edited": "New in version 2.0.0", "name": null, "namealt": null, "namealtt": null, "routeraw": null, "question": 0, "length_km": 90, "toll": 0, "ne_part": "global_basic", "label": null, "label2": null, "local": null, "localtype": null, "localalt": null, "labelrank": 0, "ignore": 0, "add": 0, "rwdb_rd_id": 26351, "orig_fid": 9950, "prefix": null, "uident": 0, "continent": "Asia", "expressway": 0, "level": null, "min_zoom": 7.6, "min_label": 10.1}, "bbox": [101.682601, 38.928827, 102.445619, 39.196914], "geometry": {"type": "LineString", "coordinates": [[102.445619, 38.928827], [102.420873, 38.928827], [102.33426, 38.945325], [102.29714, 38.949449], [102.198154, 38.970071], [102.123915, 38.986569], [102.103292, 38.994818], [102.041426, 39.007191], [102.004306, 39.01544], [101.925942, 39.031938], [101.859952, 39.056684], [101.822832, 39.073182], [101.80221, 39.085555], [101.732094, 39.163919], [101.707348, 39.184541], [101.682601, 39.196914]]}}, {"type": "Feature", "properties": {"scalerank": 9, "featurecla": "Road", "type": "Unknown", "sov_a3": null, "note": null, "edited": "New in version 2.0.0", "name": null, "namealt": null, "namealtt": null, "routeraw": null, "question": 0, "length_km": 48, "toll": 0, "ne_part": "global_basic", "label": null, "label2": null, "local": null, "localtype": null, "localalt": null, "labelrank": 0, "ignore": 0, "add": 0, "rwdb_rd_id": 26385, "orig_fid": 9972, "prefix": null, "uident": 0, "continent": "Asia", "expressway": 0, "level": null, "min_zoom": 7.6, "min_label": 10.1}, "bbox": [100.016335, 38.912329, 100.437026, 38.97832], "geometry": {"type": "LineString", "coordinates": [[100.016335, 38.974196], [100.04933, 38.97832], [100.107072, 38.974196], [100.173063, 38.961822], [100.230805, 38.957698], [100.259676, 38.949449], [100.280298, 38.937076], [100.333915, 38.920578], [100.362786, 38.912329], [100.395782, 38.916454], [100.437026, 38.937076]]}}, {"type": "Feature", "properties": {"scalerank": 6, "featurecla": "Road", "type": "Unknown", "sov_a3": null, "note": null, "edited": "New in version 2.0.0", "name": null, "namealt": null, "namealtt": null, "routeraw": null, "question": 0, "length_km": 104, "toll": 0, "ne_part": "global_basic", "label": null, "label2": null, "local": null, "localtype": null, "localalt": null, "labelrank": 0, "ignore": 0, "add": 0, "rwdb_rd_id": 26393, "orig_fid": 9976, "prefix": null, "uident": 0, "continent": "Asia", "expressway": 0, "level": null, "min_zoom": 6, "min_label": 8.5}, "bbox": [93.437881, 38.908205, 94.246268, 39.283527], "geometry": {"type": "LineString", "coordinates": [[93.437881, 38.908205], [93.532743, 38.920578], [93.631729, 38.932951], [93.722466, 38.932951], [93.792582, 38.937076], [93.870946, 38.945325], [93.932812, 38.949449], [93.986429, 38.957698], [94.007052, 38.965947], [94.064794, 38.986569], [94.08954, 39.003067], [94.134909, 39.048435], [94.176153, 39.110302], [94.184402, 39.126799], [94.209148, 39.201039], [94.238019, 39.279403], [94.246268, 39.283527]]}}, {"type": "Feature", "properties": {"scalerank": 9, "featurecla": "Road", "type": "Unknown", "sov_a3": null, "note": null, "edited": "New in version 2.0.0", "name": null, "namealt": null, "namealtt": null, "routeraw": null, "question": 0, "length_km": 45, "toll": 0, "ne_part": "global_basic", "label": null, "label2": null, "local": null, "localtype": null, "localalt": null, "labelrank": 0, "ignore": 0, "add": 0, "rwdb_rd_id": 26452, "orig_fid": 10010, "prefix": null, "uident": 0, "continent": "Asia", "expressway": 0, "level": null, "min_zoom": 7.6, "min_label": 10.1}, "bbox": [99.632764, 38.858712, 99.999837, 38.961822], "geometry": {"type": "LineString", "coordinates": [[99.632764, 38.858712], [99.690505, 38.875209], [99.711128, 38.883458], [99.719376, 38.895832], [99.711128, 38.912329], [99.719376, 38.924703], [99.785367, 38.945325], [99.822487, 38.953573], [99.863731, 38.957698], [99.904975, 38.953573], [99.933846, 38.945325], [99.962717, 38.945325], [99.999837, 38.961822]]}}, {"type": "Feature", "properties": {"scalerank": 9, "featurecla": "Road", "type": "Unknown", "sov_a3": null, "note": null, "edited": "New in version 2.0.0", "name": null, "namealt": null, "namealtt": null, "routeraw": null, "question": 0, "length_km": 173, "toll": 0, "ne_part": "global_basic", "label": null, "label2": null, "local": null, "localtype": null, "localalt": null, "labelrank": 0, "ignore": 0, "add": 0, "rwdb_rd_id": 26517, "orig_fid": 10038, "prefix": null, "uident": 0, "continent": "Asia", "expressway": 0, "level": null, "min_zoom": 7.6, "min_label": 10.1}, "bbox": [97.603548, 38.817468, 98.420183, 39.803204], "geometry": {"type": "LineString", "coordinates": [[98.420183, 38.817468], [98.416059, 38.821592], [98.366566, 38.858712], [98.329446, 38.883458], [98.312948, 38.891707], [98.242833, 38.928827], [98.279953, 38.974196], [98.317073, 39.007191], [98.308824, 39.027813], [98.288202, 39.040186], [98.234584, 39.069057], [98.201589, 39.077306], [98.114976, 39.114426], [98.073732, 39.139172], [98.036612, 39.163919], [97.999492, 39.205163], [97.97887, 39.246407], [97.966497, 39.26703], [97.945875, 39.275278], [97.912879, 39.275278], [97.904631, 39.279403], [97.892257, 39.316523], [97.884008, 39.320647], [97.867511, 39.324771], [97.842764, 39.320647], [97.818018, 39.324771], [97.780898, 39.341269], [97.768525, 39.345394], [97.735529, 39.341269], [97.714907, 39.341269], [97.665414, 39.349518], [97.628294, 39.366016], [97.615921, 39.374265], [97.603548, 39.390762], [97.615921, 39.436131], [97.620045, 39.460877], [97.628294, 39.473251], [97.66129, 39.4815], [97.677787, 39.497997], [97.677787, 39.518619], [97.665414, 39.555739], [97.690161, 39.58461], [97.706658, 39.634103], [97.710783, 39.671223], [97.714907, 39.687721], [97.743778, 39.728965], [97.768525, 39.753711], [97.797396, 39.778458], [97.842764, 39.803204]]}}, {"type": "Feature", "properties": {"scalerank": 9, "featurecla": "Road", "type": "Unknown", "sov_a3": null, "note": null, "edited": "New in version 2.0.0", "name": null, "namealt": null, "namealtt": null, "routeraw": null, "question": 0, "length_km": 43, "toll": 0, "ne_part": "global_basic", "label": null, "label2": null, "local": null, "localtype": null, "localalt": null, "labelrank": 0, "ignore": 0, "add": 0, "rwdb_rd_id": 26591, "orig_fid": 10088, "prefix": null, "uident": 0, "continent": "Asia", "expressway": 0, "level": null, "min_zoom": 7.6, "min_label": 10.1}, "bbox": [98.040737, 38.730855, 98.420183, 38.817468], "geometry": {"type": "LineString", "coordinates": [[98.040737, 38.730855], [98.048985, 38.734979], [98.081981, 38.739104], [98.131474, 38.734979], [98.19334, 38.747352], [98.251082, 38.772099], [98.321197, 38.792721], [98.399561, 38.809219], [98.420183, 38.817468]]}}, {"type": "Feature", "properties": {"scalerank": 9, "featurecla": "Road", "type": "Unknown", "sov_a3": null, "note": null, "edited": "New in version 2.0.0", "name": null, "namealt": null, "namealtt": null, "routeraw": null, "question": 0, "length_km": 77, "toll": 0, "ne_part": "global_basic", "label": null, "label2": null, "local": null, "localtype": null, "localalt": null, "labelrank": 0, "ignore": 0, "add": 0, "rwdb_rd_id": 26697, "orig_fid": 10155, "prefix": null, "uident": 0, "continent": "Asia", "expressway": 0, "level": null, "min_zoom": 7.6, "min_label": 10.1}, "bbox": [103.101403, 38.627744, 103.678822, 38.998942], "geometry": {"type": "LineString", "coordinates": [[103.101403, 38.627744], [103.142647, 38.677237], [103.163269, 38.697859], [103.200389, 38.734979], [103.29525, 38.813343], [103.307624, 38.833965], [103.328246, 38.871085], [103.340619, 38.887583], [103.36949, 38.945325], [103.381863, 38.957698], [103.460227, 38.990693], [103.50972, 38.998942], [103.666448, 38.953573], [103.678822, 38.953573]]}}, {"type": "Feature", "properties": {"scalerank": 9, "featurecla": "Road", "type": "Unknown", "sov_a3": null, "note": null, "edited": "New in version 2.0.0", "name": null, "namealt": null, "namealtt": null, "routeraw": null, "question": 0, "length_km": 83, "toll": 0, "ne_part": "global_basic", "label": null, "label2": null, "local": null, "localtype": null, "localalt": null, "labelrank": 0, "ignore": 0, "add": 0, "rwdb_rd_id": 26698, "orig_fid": 10156, "prefix": null, "uident": 0, "continent": "Asia", "expressway": 0, "level": null, "min_zoom": 7.6, "min_label": 10.1}, "bbox": [102.445619, 38.627744, 103.101403, 38.928827], "geometry": {"type": "LineString", "coordinates": [[103.101403, 38.627744], [103.047785, 38.668988], [103.035412, 38.685486], [103.043661, 38.710233], [103.043661, 38.730855], [103.035412, 38.751477], [103.018914, 38.767974], [102.985919, 38.792721], [102.944675, 38.825716], [102.899306, 38.83809], [102.83744, 38.858712], [102.808569, 38.871085], [102.693085, 38.891707], [102.573477, 38.908205], [102.466242, 38.920578], [102.445619, 38.928827]]}}, {"type": "Feature", "properties": {"scalerank": 9, "featurecla": "Road", "type": "Unknown", "sov_a3": null, "note": null, "edited": "New in version 2.0.0", "name": null, "namealt": null, "namealtt": null, "routeraw": null, "question": 0, "length_km": 45, "toll": 0, "ne_part": "global_basic", "label": null, "label2": null, "local": null, "localtype": null, "localalt": null, "labelrank": 0, "ignore": 0, "add": 0, "rwdb_rd_id": 26772, "orig_fid": 10190, "prefix": null, "uident": 0, "continent": "Asia", "expressway": 0, "level": null, "min_zoom": 7.6, "min_label": 10.1}, "bbox": [99.471911, 38.537007, 99.632764, 38.858712], "geometry": {"type": "LineString", "coordinates": [[99.632764, 38.858712], [99.62039, 38.850463], [99.558524, 38.833965], [99.476035, 38.792721], [99.471911, 38.776223], [99.488409, 38.734979], [99.504906, 38.714357], [99.525529, 38.685486], [99.521404, 38.66074], [99.496658, 38.631869], [99.492533, 38.598873], [99.496658, 38.574127], [99.48016, 38.537007]]}}, {"type": "Feature", "properties": {"scalerank": 9, "featurecla": "Road", "type": "Unknown", "sov_a3": null, "note": null, "edited": "New in version 2.0.0", "name": null, "namealt": null, "namealtt": null, "routeraw": null, "question": 0, "length_km": 128, "toll": 0, "ne_part": "global_basic", "label": null, "label2": null, "local": null, "localtype": null, "localalt": null, "labelrank": 0, "ignore": 0, "add": 0, "rwdb_rd_id": 26773, "orig_fid": 10191, "prefix": null, "uident": 0, "continent": "Asia", "expressway": 0, "level": null, "min_zoom": 7.6, "min_label": 10.1}, "bbox": [98.420183, 38.537007, 99.48016, 38.817468], "geometry": {"type": "LineString", "coordinates": [[99.48016, 38.537007], [99.455413, 38.54938], [99.401796, 38.607122], [99.335805, 38.644242], [99.306934, 38.677237], [99.278063, 38.693735], [99.232695, 38.718481], [99.146082, 38.747352], [99.092464, 38.759726], [99.063593, 38.776223], [99.05122, 38.788597], [98.989354, 38.813343], [98.968732, 38.813343], [98.935736, 38.80097], [98.844999, 38.792721], [98.770759, 38.772099], [98.750137, 38.772099], [98.737764, 38.784472], [98.729515, 38.805094], [98.717142, 38.809219], [98.6594, 38.796845], [98.634653, 38.780348], [98.626404, 38.767974], [98.605782, 38.755601], [98.589285, 38.759726], [98.568663, 38.767974], [98.523294, 38.767974], [98.490299, 38.780348], [98.420183, 38.817468]]}}, {"type": "Feature", "properties": {"scalerank": 4, "featurecla": "Road", "type": "Road", "sov_a3": null, "note": null, "edited": "New in version 2.0.0", "name": null, "namealt": null, "namealtt": null, "routeraw": null, "question": 0, "length_km": 54, "toll": 0, "ne_part": "global_basic", "label": null, "label2": null, "local": null, "localtype": null, "localalt": null, "labelrank": 0, "ignore": 0, "add": 0, "rwdb_rd_id": 26781, "orig_fid": 10195, "prefix": null, "uident": 0, "continent": "Asia", "expressway": 0, "level": null, "min_zoom": 4, "min_label": 7}, "bbox": [100.474146, 38.516385, 100.795851, 38.937076], "geometry": {"type": "LineString", "coordinates": [[100.795851, 38.516385], [100.771104, 38.590624], [100.76698, 38.631869], [100.754606, 38.668988], [100.746358, 38.685486], [100.709238, 38.739104], [100.676242, 38.788597], [100.622625, 38.83809], [100.536012, 38.887583], [100.494768, 38.916454], [100.474146, 38.937076]]}}, {"type": "Feature", "properties": {"scalerank": 6, "featurecla": "Road", "type": "Unknown", "sov_a3": null, "note": null, "edited": "New in version 2.0.0", "name": null, "namealt": null, "namealtt": null, "routeraw": null, "question": 0, "length_km": 47, "toll": 0, "ne_part": "global_basic", "label": null, "label2": null, "local": null, "localtype": null, "localalt": null, "labelrank": 0, "ignore": 0, "add": 0, "rwdb_rd_id": 26795, "orig_fid": 10204, "prefix": null, "uident": 0, "continent": "Asia", "expressway": 0, "level": null, "min_zoom": 6, "min_label": 8.5}, "bbox": [102.198154, 38.499887, 102.445619, 38.928827], "geometry": {"type": "LineString", "coordinates": [[102.198154, 38.499887], [102.202279, 38.51226], [102.222901, 38.545256], [102.251772, 38.578251], [102.268269, 38.62362], [102.284767, 38.652491], [102.293016, 38.656615], [102.326011, 38.710233], [102.354882, 38.751477], [102.37138, 38.792721], [102.404375, 38.850463], [102.441495, 38.912329], [102.445619, 38.928827]]}}, {"type": "Feature", "properties": {"scalerank": 6, "featurecla": "Road", "type": "Unknown", "sov_a3": null, "note": null, "edited": "New in version 2.0.0", "name": null, "namealt": null, "namealtt": null, "routeraw": null, "question": 0, "length_km": 44, "toll": 0, "ne_part": "global_basic", "label": null, "label2": null, "local": null, "localtype": null, "localalt": null, "labelrank": 0, "ignore": 0, "add": 0, "rwdb_rd_id": 27115, "orig_fid": 10380, "prefix": null, "uident": 0, "continent": "Asia", "expressway": 0, "level": null, "min_zoom": 6, "min_label": 8.5}, "bbox": [101.983684, 38.227675, 102.198154, 38.499887], "geometry": {"type": "LineString", "coordinates": [[101.983684, 38.227675], [101.996057, 38.235924], [102.004306, 38.252422], [102.041426, 38.273044], [102.107417, 38.289542], [102.128039, 38.301915], [102.132163, 38.314288], [102.103292, 38.330786], [102.086795, 38.347283], [102.099168, 38.359657], [102.103292, 38.396776], [102.144537, 38.433896], [102.15691, 38.438021], [102.181656, 38.466892], [102.19403, 38.483389], [102.198154, 38.499887]]}}, {"type": "Feature", "properties": {"scalerank": 3, "featurecla": "Road", "type": "Major Highway", "sov_a3": null, "note": null, "edited": "New in version 2.0.0", "name": null, "namealt": null, "namealtt": null, "routeraw": null, "question": 0, "length_km": 185, "toll": 0, "ne_part": "global_basic", "label": null, "label2": null, "local": null, "localtype": null, "localalt": null, "labelrank": 0, "ignore": 0, "add": 0, "rwdb_rd_id": 27116, "orig_fid": 10381, "prefix": null, "uident": 0, "continent": "Asia", "expressway": 1, "level": null, "min_zoom": 3, "min_label": 6}, "bbox": [100.474146, 38.227675, 101.983684, 38.949449], "geometry": {"type": "LineString", "coordinates": [[101.983684, 38.227675], [101.921818, 38.244173], [101.831081, 38.281293], [101.723846, 38.330786], [101.707348, 38.339035], [101.674353, 38.347283], [101.641357, 38.367906], [101.612486, 38.392652], [101.562993, 38.417399], [101.47638, 38.450394], [101.389767, 38.499887], [101.365021, 38.520509], [101.348523, 38.574127], [101.29903, 38.619495], [101.233039, 38.648366], [101.200044, 38.685486], [101.171173, 38.714357], [101.134053, 38.739104], [101.101058, 38.76385], [101.068062, 38.80097], [101.051565, 38.829841], [101.014445, 38.833965], [100.90721, 38.83809], [100.857717, 38.846339], [100.754606, 38.883458], [100.709238, 38.895832], [100.659745, 38.924703], [100.639123, 38.9412], [100.626749, 38.949449], [100.569007, 38.9412], [100.498892, 38.9412], [100.474146, 38.937076]]}}, {"type": "Feature", "properties": {"scalerank": 9, "featurecla": "Road", "type": "Unknown", "sov_a3": null, "note": null, "edited": "New in version 2.0.0", "name": null, "namealt": null, "namealtt": null, "routeraw": null, "question": 0, "length_km": 92, "toll": 0, "ne_part": "global_basic", "label": null, "label2": null, "local": null, "localtype": null, "localalt": null, "labelrank": 0, "ignore": 0, "add": 0, "rwdb_rd_id": 27133, "orig_fid": 10389, "prefix": null, "uident": 0, "continent": "Asia", "expressway": 0, "level": null, "min_zoom": 7.6, "min_label": 10.1}, "bbox": [99.48016, 38.190555, 100.239054, 38.537007], "geometry": {"type": "LineString", "coordinates": [[100.239054, 38.19468], [100.210183, 38.207053], [100.177187, 38.207053], [100.164814, 38.198804], [100.148316, 38.19468], [100.111196, 38.190555], [100.057579, 38.207053], [100.036957, 38.227675], [100.020459, 38.235924], [99.991588, 38.240048], [99.896727, 38.268919], [99.79774, 38.314288], [99.707003, 38.384403], [99.686381, 38.396776], [99.636888, 38.413274], [99.603893, 38.433896], [99.542026, 38.495763], [99.488409, 38.528758], [99.48016, 38.537007]]}}, {"type": "Feature", "properties": {"scalerank": 4, "featurecla": "Road", "type": "Road", "sov_a3": null, "note": null, "edited": "New in version 2.0.0", "name": null, "namealt": null, "namealtt": null, "routeraw": null, "question": 0, "length_km": 152, "toll": 0, "ne_part": "global_basic", "label": null, "label2": null, "local": null, "localtype": null, "localalt": null, "labelrank": 0, "ignore": 0, "add": 0, "rwdb_rd_id": 27250, "orig_fid": 10446, "prefix": null, "uident": 0, "continent": "Asia", "expressway": 0, "level": null, "min_zoom": 4, "min_label": 7}, "bbox": [94.246268, 38.058574, 95.001037, 39.283527], "geometry": {"type": "LineString", "coordinates": [[94.246268, 39.283527], [94.262766, 39.271154], [94.283388, 39.238159], [94.295761, 39.188666], [94.299886, 39.139172], [94.30401, 39.135048], [94.328757, 39.097928], [94.357627, 39.056684], [94.370001, 39.01544], [94.370001, 38.986569], [94.361752, 38.961822], [94.357627, 38.928827], [94.353503, 38.908205], [94.349379, 38.862836], [94.357627, 38.80097], [94.37825, 38.767974], [94.382374, 38.739104], [94.382374, 38.706108], [94.415369, 38.648366], [94.440116, 38.602998], [94.440116, 38.594749], [94.460738, 38.561753], [94.477236, 38.545256], [94.489609, 38.516385], [94.493733, 38.475141], [94.510231, 38.417399], [94.547351, 38.355532], [94.563849, 38.343159], [94.59272, 38.330786], [94.638088, 38.326661], [94.65871, 38.314288], [94.687581, 38.293666], [94.716452, 38.256546], [94.737074, 38.235924], [94.774194, 38.19468], [94.786567, 38.182307], [94.831936, 38.161684], [94.852558, 38.145187], [94.87318, 38.141062], [94.893802, 38.149311], [94.918549, 38.149311], [94.939171, 38.141062], [94.959793, 38.116316], [95.001037, 38.058574]]}}, {"type": "Feature", "properties": {"scalerank": 10, "featurecla": "Road", "type": "Unknown", "sov_a3": null, "note": null, "edited": "New in version 2.0.0", "name": null, "namealt": null, "namealtt": null, "routeraw": null, "question": 0, "length_km": 162, "toll": 0, "ne_part": "global_basic", "label": null, "label2": null, "local": null, "localtype": null, "localalt": null, "labelrank": 0, "ignore": 0, "add": 0, "rwdb_rd_id": 27276, "orig_fid": 10462, "prefix": null, "uident": 0, "continent": "Asia", "expressway": 0, "level": null, "min_zoom": 7.7, "min_label": 10.2}, "bbox": [93.355393, 38.046201, 94.666959, 38.631869], "geometry": {"type": "LineString", "coordinates": [[94.666959, 38.046201], [94.666959, 38.050325], [94.588595, 38.075072], [94.526729, 38.070947], [94.468987, 38.087445], [94.460738, 38.091569], [94.460738, 38.112191], [94.448365, 38.136938], [94.427743, 38.174058], [94.365876, 38.240048], [94.337005, 38.268919], [94.283388, 38.33491], [94.258641, 38.359657], [94.233895, 38.380279], [94.196775, 38.396776], [94.106038, 38.40915], [94.068918, 38.421523], [93.961683, 38.433896], [93.91219, 38.442145], [93.846199, 38.454518], [93.817328, 38.466892], [93.767835, 38.475141], [93.705969, 38.491638], [93.664725, 38.51226], [93.619356, 38.54938], [93.586361, 38.578251], [93.528619, 38.611246], [93.503872, 38.615371], [93.466752, 38.627744], [93.425508, 38.631869], [93.388388, 38.631869], [93.367766, 38.62362], [93.355393, 38.62362]]}}, {"type": "Feature", "properties": {"scalerank": 3, "featurecla": "Road", "type": "Road", "sov_a3": null, "note": null, "edited": "New in version 2.0.0", "name": null, "namealt": null, "namealtt": null, "routeraw": null, "question": 0, "length_km": 38, "toll": 0, "ne_part": "global_basic", "label": null, "label2": null, "local": null, "localtype": null, "localalt": null, "labelrank": 0, "ignore": 0, "add": 0, "rwdb_rd_id": 27280, "orig_fid": 10464, "prefix": null, "uident": 0, "continent": "Asia", "expressway": 0, "level": null, "min_zoom": 3, "min_label": 6}, "bbox": [94.666959, 38.042076, 95.001037, 38.062698], "geometry": {"type": "LineString", "coordinates": [[94.666959, 38.046201], [94.704079, 38.046201], [94.765945, 38.062698], [94.819563, 38.062698], [94.848434, 38.058574], [94.87318, 38.050325], [94.902051, 38.042076], [94.943295, 38.042076], [95.001037, 38.058574]]}}, {"type": "Feature", "properties": {"scalerank": 3, "featurecla": "Road", "type": "Road", "sov_a3": null, "note": null, "edited": "New in version 2.0.0", "name": null, "namealt": null, "namealtt": null, "routeraw": null, "question": 0, "length_km": 12, "toll": 0, "ne_part": "global_basic", "label": null, "label2": null, "local": null, "localtype": null, "localalt": null, "labelrank": 0, "ignore": 0, "add": 0, "rwdb_rd_id": 27354, "orig_fid": 10501, "prefix": null, "uident": 0, "continent": "Asia", "expressway": 0, "level": null, "min_zoom": 3, "min_label": 6}, "bbox": [95.001037, 37.98021, 95.083526, 38.058574], "geometry": {"type": "LineString", "coordinates": [[95.001037, 38.058574], [95.054655, 38.01733], [95.067028, 37.996708], [95.083526, 37.98021]]}}, {"type": "Feature", "properties": {"scalerank": 9, "featurecla": "Road", "type": "Unknown", "sov_a3": null, "note": null, "edited": "New in version 2.0.0", "name": null, "namealt": null, "namealtt": null, "routeraw": null, "question": 0, "length_km": 87, "toll": 0, "ne_part": "global_basic", "label": null, "label2": null, "local": null, "localtype": null, "localalt": null, "labelrank": 0, "ignore": 0, "add": 0, "rwdb_rd_id": 27361, "orig_fid": 10505, "prefix": null, "uident": 0, "continent": "Asia", "expressway": 0, "level": null, "min_zoom": 7.6, "min_label": 10.1}, "bbox": [98.857372, 37.976085, 99.58327, 38.141062], "geometry": {"type": "LineString", "coordinates": [[98.857372, 37.976085], [98.865621, 37.996708], [98.87387, 38.009081], [98.898616, 38.025578], [98.919238, 38.037952], [98.948109, 38.042076], [98.968732, 38.050325], [98.997602, 38.070947], [99.0141, 38.075072], [99.059469, 38.079196], [99.080091, 38.091569], [99.100713, 38.116316], [99.121335, 38.12044], [99.179077, 38.141062], [99.240943, 38.141062], [99.377049, 38.112191], [99.418294, 38.095694], [99.476035, 38.066823], [99.562648, 38.042076], [99.58327, 38.025578]]}}, {"type": "Feature", "properties": {"scalerank": 3, "featurecla": "Road", "type": "Major Highway", "sov_a3": null, "note": null, "edited": "New in version 2.0.0", "name": null, "namealt": null, "namealtt": null, "routeraw": null, "question": 0, "length_km": 71, "toll": 0, "ne_part": "global_basic", "label": null, "label2": null, "local": null, "localtype": null, "localalt": null, "labelrank": 0, "ignore": 0, "add": 0, "rwdb_rd_id": 27391, "orig_fid": 10523, "prefix": null, "uident": 0, "continent": "Asia", "expressway": 1, "level": null, "min_zoom": 3, "min_label": 6}, "bbox": [101.983684, 37.955463, 102.573477, 38.227675], "geometry": {"type": "LineString", "coordinates": [[102.573477, 37.955463], [102.569352, 37.971961], [102.515735, 37.996708], [102.457993, 38.025578], [102.392002, 38.054449], [102.33426, 38.08332], [102.280643, 38.103943], [102.189905, 38.145187], [102.144537, 38.174058], [102.086795, 38.207053], [102.062048, 38.215302], [101.983684, 38.227675]]}}, {"type": "Feature", "properties": {"scalerank": 4, "featurecla": "Road", "type": "Road", "sov_a3": null, "note": null, "edited": "New in version 2.0.0", "name": null, "namealt": null, "namealtt": null, "routeraw": null, "question": 0, "length_km": 56, "toll": 0, "ne_part": "global_basic", "label": null, "label2": null, "local": null, "localtype": null, "localalt": null, "labelrank": 0, "ignore": 0, "add": 0, "rwdb_rd_id": 27393, "orig_fid": 10525, "prefix": null, "uident": 0, "continent": "Asia", "expressway": 0, "level": null, "min_zoom": 4, "min_label": 7}, "bbox": [100.795851, 37.955463, 100.948454, 38.516385], "geometry": {"type": "LineString", "coordinates": [[100.948454, 37.955463], [100.927832, 37.992583], [100.923708, 38.021454], [100.915459, 38.070947], [100.923708, 38.124565], [100.936081, 38.15756], [100.94433, 38.19468], [100.940205, 38.207053], [100.927832, 38.227675], [100.903086, 38.256546], [100.903086, 38.264795], [100.874215, 38.301915], [100.865966, 38.351408], [100.841219, 38.400901], [100.828846, 38.425647], [100.812348, 38.466892], [100.808224, 38.495763], [100.795851, 38.516385]]}}, {"type": "Feature", "properties": {"scalerank": 9, "featurecla": "Road", "type": "Unknown", "sov_a3": null, "note": null, "edited": "New in version 2.0.0", "name": null, "namealt": null, "namealtt": null, "routeraw": null, "question": 0, "length_km": 83, "toll": 0, "ne_part": "global_basic", "label": null, "label2": null, "local": null, "localtype": null, "localalt": null, "labelrank": 0, "ignore": 0, "add": 0, "rwdb_rd_id": 27394, "orig_fid": 10526, "prefix": null, "uident": 0, "continent": "Asia", "expressway": 0, "level": null, "min_zoom": 7.6, "min_label": 10.1}, "bbox": [100.239054, 37.955463, 100.948454, 38.19468], "geometry": {"type": "LineString", "coordinates": [[100.948454, 37.955463], [100.940205, 37.959588], [100.890712, 37.967837], [100.783477, 37.98021], [100.750482, 37.988459], [100.717487, 38.004956], [100.651496, 38.01733], [100.630874, 38.01733], [100.486519, 38.054449], [100.437026, 38.075072], [100.358662, 38.099818], [100.325666, 38.12044], [100.284422, 38.161684], [100.276173, 38.174058], [100.259676, 38.190555], [100.239054, 38.19468]]}}, {"type": "Feature", "properties": {"scalerank": 9, "featurecla": "Road", "type": "Unknown", "sov_a3": null, "note": null, "edited": "New in version 2.0.0", "name": null, "namealt": null, "namealtt": null, "routeraw": null, "question": 0, "length_km": 23, "toll": 0, "ne_part": "global_basic", "label": null, "label2": null, "local": null, "localtype": null, "localalt": null, "labelrank": 0, "ignore": 0, "add": 0, "rwdb_rd_id": 27396, "orig_fid": 10528, "prefix": null, "uident": 0, "continent": "Asia", "expressway": 0, "level": null, "min_zoom": 7.6, "min_label": 10.1}, "bbox": [102.367255, 37.955463, 102.573477, 37.98021], "geometry": {"type": "LineString", "coordinates": [[102.367255, 37.971961], [102.4085, 37.98021], [102.441495, 37.976085], [102.495113, 37.959588], [102.523983, 37.955463], [102.569352, 37.955463], [102.573477, 37.955463]]}}, {"type": "Feature", "properties": {"scalerank": 3, "featurecla": "Road", "type": "Road", "sov_a3": null, "note": null, "edited": "New in version 2.0.0", "name": null, "namealt": null, "namealtt": null, "routeraw": null, "question": 0, "length_km": 89, "toll": 0, "ne_part": "global_basic", "label": null, "label2": null, "local": null, "localtype": null, "localalt": null, "labelrank": 0, "ignore": 0, "add": 0, "rwdb_rd_id": 27398, "orig_fid": 10530, "prefix": null, "uident": 0, "continent": "Asia", "expressway": 0, "level": null, "min_zoom": 3, "min_label": 6}, "bbox": [93.920439, 37.955463, 94.666959, 38.046201], "geometry": {"type": "LineString", "coordinates": [[93.920439, 38.046201], [93.965807, 38.025578], [93.986429, 38.009081], [93.994678, 37.992583], [94.023549, 37.959588], [94.073042, 37.955463], [94.08954, 37.963712], [94.110162, 37.996708], [94.118411, 38.000832], [94.180277, 38.004956], [94.225646, 38.01733], [94.258641, 38.01733], [94.283388, 38.01733], [94.30401, 37.996708], [94.332881, 37.984334], [94.390623, 37.98021], [94.435992, 37.984334], [94.48136, 38.004956], [94.530853, 38.004956], [94.625715, 38.021454], [94.662835, 38.037952], [94.666959, 38.046201]]}}, {"type": "Feature", "properties": {"scalerank": 9, "featurecla": "Road", "type": "Unknown", "sov_a3": null, "note": null, "edited": "New in version 2.0.0", "name": null, "namealt": null, "namealtt": null, "routeraw": null, "question": 0, "length_km": 81, "toll": 0, "ne_part": "global_basic", "label": null, "label2": null, "local": null, "localtype": null, "localalt": null, "labelrank": 0, "ignore": 0, "add": 0, "rwdb_rd_id": 27418, "orig_fid": 10544, "prefix": null, "uident": 0, "continent": "Asia", "expressway": 0, "level": null, "min_zoom": 7.6, "min_label": 10.1}, "bbox": [102.635343, 37.934841, 103.101403, 38.627744], "geometry": {"type": "LineString", "coordinates": [[102.635343, 37.934841], [102.647716, 37.955463], [102.660089, 37.98021], [102.676587, 38.029703], [102.705458, 38.095694], [102.717831, 38.124565], [102.738453, 38.149311], [102.767324, 38.202929], [102.792071, 38.227675], [102.808569, 38.256546], [102.820942, 38.273044], [102.83744, 38.285417], [102.849813, 38.29779], [102.866311, 38.339035], [102.878684, 38.355532], [102.899306, 38.376154], [102.928177, 38.40915], [102.990043, 38.504011], [103.018914, 38.537007], [103.047785, 38.553505], [103.076656, 38.598873], [103.097278, 38.619495], [103.101403, 38.627744]]}}, {"type": "Feature", "properties": {"scalerank": 3, "featurecla": "Road", "type": "Major Highway", "sov_a3": null, "note": null, "edited": "New in version 2.0.0", "name": null, "namealt": null, "namealtt": null, "routeraw": null, "question": 0, "length_km": 7, "toll": 0, "ne_part": "global_basic", "label": null, "label2": null, "local": null, "localtype": null, "localalt": null, "labelrank": 0, "ignore": 0, "add": 0, "rwdb_rd_id": 27419, "orig_fid": 10545, "prefix": null, "uident": 0, "continent": "Asia", "expressway": 1, "level": null, "min_zoom": 3, "min_label": 6}, "bbox": [102.573477, 37.934841, 102.635343, 37.955463], "geometry": {"type": "LineString", "coordinates": [[102.635343, 37.934841], [102.573477, 37.955463]]}}, {"type": "Feature", "properties": {"scalerank": 10, "featurecla": "Road", "type": "Unknown", "sov_a3": null, "note": null, "edited": "New in version 2.0.0", "name": null, "namealt": null, "namealtt": null, "routeraw": null, "question": 0, "length_km": 13, "toll": 0, "ne_part": "global_basic", "label": null, "label2": null, "local": null, "localtype": null, "localalt": null, "labelrank": 0, "ignore": 0, "add": 0, "rwdb_rd_id": 27456, "orig_fid": 10564, "prefix": null, "uident": 0, "continent": "Asia", "expressway": 0, "level": null, "min_zoom": 7.7, "min_label": 10.2}, "bbox": [99.542026, 37.897721, 99.58327, 38.025578], "geometry": {"type": "LineString", "coordinates": [[99.542026, 37.897721], [99.542026, 37.934841], [99.562648, 37.951339], [99.570897, 37.959588], [99.58327, 38.025578]]}}, {"type": "Feature", "properties": {"scalerank": 9, "featurecla": "Road", "type": "Unknown", "sov_a3": null, "note": null, "edited": "New in version 2.0.0", "name": null, "namealt": null, "namealtt": null, "routeraw": null, "question": 0, "length_km": 40, "toll": 0, "ne_part": "global_basic", "label": null, "label2": null, "local": null, "localtype": null, "localalt": null, "labelrank": 0, "ignore": 0, "add": 0, "rwdb_rd_id": 27538, "orig_fid": 10609, "prefix": null, "uident": 0, "continent": "Asia", "expressway": 0, "level": null, "min_zoom": 7.6, "min_label": 10.1}, "bbox": [102.037302, 37.839979, 102.367255, 37.971961], "geometry": {"type": "LineString", "coordinates": [[102.037302, 37.839979], [102.037302, 37.856477], [102.066173, 37.877099], [102.086795, 37.881224], [102.132163, 37.881224], [102.181656, 37.889473], [102.218776, 37.914219], [102.26002, 37.926592], [102.284767, 37.938966], [102.305389, 37.94309], [102.367255, 37.971961]]}}, {"type": "Feature", "properties": {"scalerank": 3, "featurecla": "Road", "type": "Road", "sov_a3": null, "note": null, "edited": "New in version 2.0.0", "name": null, "namealt": null, "namealtt": null, "routeraw": null, "question": 0, "length_km": 37, "toll": 0, "ne_part": "global_basic", "label": null, "label2": null, "local": null, "localtype": null, "localalt": null, "labelrank": 0, "ignore": 0, "add": 0, "rwdb_rd_id": 27547, "orig_fid": 10614, "prefix": null, "uident": 0, "continent": "Asia", "expressway": 0, "level": null, "min_zoom": 3, "min_label": 6}, "bbox": [95.083526, 37.827606, 95.384609, 37.98021], "geometry": {"type": "LineString", "coordinates": [[95.083526, 37.98021], [95.137143, 37.951339], [95.207258, 37.918344], [95.252627, 37.90597], [95.285622, 37.897721], [95.326867, 37.881224], [95.351613, 37.860602], [95.368111, 37.852353], [95.384609, 37.827606]]}}, {"type": "Feature", "properties": {"scalerank": 9, "featurecla": "Road", "type": "Unknown", "sov_a3": null, "note": null, "edited": "New in version 2.0.0", "name": null, "namealt": null, "namealtt": null, "routeraw": null, "question": 0, "length_km": 68, "toll": 0, "ne_part": "global_basic", "label": null, "label2": null, "local": null, "localtype": null, "localalt": null, "labelrank": 0, "ignore": 0, "add": 0, "rwdb_rd_id": 27681, "orig_fid": 10680, "prefix": null, "uident": 0, "continent": "Asia", "expressway": 0, "level": null, "min_zoom": 7.6, "min_label": 10.1}, "bbox": [100.193685, 37.716247, 100.589629, 38.19468], "geometry": {"type": "LineString", "coordinates": [[100.239054, 38.19468], [100.239054, 38.190555], [100.197809, 38.174058], [100.193685, 38.153436], [100.210183, 38.132813], [100.218431, 38.099818], [100.230805, 38.079196], [100.243178, 38.033827], [100.251427, 38.021454], [100.305044, 37.996708], [100.333915, 37.959588], [100.37516, 37.938966], [100.387533, 37.926592], [100.428777, 37.90597], [100.453524, 37.881224], [100.461772, 37.86885], [100.465897, 37.856477], [100.474146, 37.827606], [100.507141, 37.798735], [100.540136, 37.778113], [100.589629, 37.724496], [100.589629, 37.716247]]}}, {"type": "Feature", "properties": {"scalerank": 3, "featurecla": "Road", "type": "Road", "sov_a3": null, "note": null, "edited": "New in version 2.0.0", "name": null, "namealt": null, "namealtt": null, "routeraw": null, "question": 0, "length_km": 12, "toll": 0, "ne_part": "global_basic", "label": null, "label2": null, "local": null, "localtype": null, "localalt": null, "labelrank": 0, "ignore": 0, "add": 0, "rwdb_rd_id": 27694, "orig_fid": 10691, "prefix": null, "uident": 0, "continent": "Asia", "expressway": 0, "level": null, "min_zoom": 3, "min_label": 6}, "bbox": [95.335116, 37.707998, 95.384609, 37.827606], "geometry": {"type": "LineString", "coordinates": [[95.384609, 37.827606], [95.368111, 37.790486], [95.335116, 37.732745], [95.335116, 37.707998]]}}, {"type": "Feature", "properties": {"scalerank": 9, "featurecla": "Road", "type": "Unknown", "sov_a3": null, "note": null, "edited": "New in version 2.0.0", "name": null, "namealt": null, "namealtt": null, "routeraw": null, "question": 0, "length_km": 59, "toll": 0, "ne_part": "global_basic", "label": null, "label2": null, "local": null, "localtype": null, "localalt": null, "labelrank": 0, "ignore": 0, "add": 0, "rwdb_rd_id": 27723, "orig_fid": 10705, "prefix": null, "uident": 0, "continent": "Asia", "expressway": 0, "level": null, "min_zoom": 7.6, "min_label": 10.1}, "bbox": [100.589629, 37.675003, 101.117556, 37.716247], "geometry": {"type": "LineString", "coordinates": [[100.589629, 37.716247], [100.643247, 37.712122], [100.725735, 37.699749], [100.746358, 37.695625], [100.787602, 37.6915], [100.804099, 37.695625], [100.849468, 37.699749], [100.90721, 37.683251], [100.927832, 37.683251], [100.952579, 37.687376], [101.043316, 37.679127], [101.072187, 37.679127], [101.105182, 37.675003], [101.117556, 37.679127]]}}, {"type": "Feature", "properties": {"scalerank": 9, "featurecla": "Road", "type": "Unknown", "sov_a3": null, "note": null, "edited": "New in version 2.0.0", "name": null, "namealt": null, "namealtt": null, "routeraw": null, "question": 0, "length_km": 102, "toll": 0, "ne_part": "global_basic", "label": null, "label2": null, "local": null, "localtype": null, "localalt": null, "labelrank": 0, "ignore": 0, "add": 0, "rwdb_rd_id": 27763, "orig_fid": 10721, "prefix": null, "uident": 0, "continent": "Asia", "expressway": 0, "level": null, "min_zoom": 7.6, "min_label": 10.1}, "bbox": [99.58327, 37.650256, 100.387533, 38.050325], "geometry": {"type": "LineString", "coordinates": [[99.58327, 38.025578], [99.608017, 38.033827], [99.649261, 38.050325], [99.686381, 38.033827], [99.781243, 38.01733], [99.822487, 38.000832], [99.855482, 37.992583], [99.983339, 37.951339], [100.016335, 37.934841], [100.098823, 37.885348], [100.144192, 37.864726], [100.168938, 37.860602], [100.206058, 37.864726], [100.218431, 37.860602], [100.222556, 37.835855], [100.230805, 37.815233], [100.251427, 37.786362], [100.30092, 37.76574], [100.317418, 37.749242], [100.325666, 37.699749], [100.342164, 37.675003], [100.366911, 37.662629], [100.387533, 37.650256]]}}, {"type": "Feature", "properties": {"scalerank": 4, "featurecla": "Road", "type": "Road", "sov_a3": null, "note": null, "edited": "New in version 2.0.0", "name": null, "namealt": null, "namealtt": null, "routeraw": null, "question": 0, "length_km": 52, "toll": 0, "ne_part": "global_basic", "label": null, "label2": null, "local": null, "localtype": null, "localalt": null, "labelrank": 0, "ignore": 0, "add": 0, "rwdb_rd_id": 27766, "orig_fid": 10724, "prefix": null, "uident": 0, "continent": "Asia", "expressway": 0, "level": null, "min_zoom": 4, "min_label": 7}, "bbox": [100.948454, 37.646132, 101.344399, 37.955463], "geometry": {"type": "LineString", "coordinates": [[101.344399, 37.646132], [101.344399, 37.65438], [101.315528, 37.6915], [101.282532, 37.724496], [101.154675, 37.815233], [101.146426, 37.823482], [101.063938, 37.877099], [100.964952, 37.934841], [100.948454, 37.955463]]}}, {"type": "Feature", "properties": {"scalerank": 9, "featurecla": "Road", "type": "Unknown", "sov_a3": null, "note": null, "edited": "New in version 2.0.0", "name": null, "namealt": null, "namealtt": null, "routeraw": null, "question": 0, "length_km": 24, "toll": 0, "ne_part": "global_basic", "label": null, "label2": null, "local": null, "localtype": null, "localalt": null, "labelrank": 0, "ignore": 0, "add": 0, "rwdb_rd_id": 27767, "orig_fid": 10725, "prefix": null, "uident": 0, "continent": "Asia", "expressway": 0, "level": null, "min_zoom": 7.6, "min_label": 10.1}, "bbox": [100.387533, 37.646132, 100.589629, 37.716247], "geometry": {"type": "LineString", "coordinates": [[100.589629, 37.716247], [100.564883, 37.695625], [100.523639, 37.675003], [100.511265, 37.658505], [100.482394, 37.650256], [100.44115, 37.646132], [100.387533, 37.650256]]}}, {"type": "Feature", "properties": {"scalerank": 9, "featurecla": "Road", "type": "Unknown", "sov_a3": null, "note": null, "edited": "New in version 2.0.0", "name": null, "namealt": null, "namealtt": null, "routeraw": null, "question": 0, "length_km": 27, "toll": 0, "ne_part": "global_basic", "label": null, "label2": null, "local": null, "localtype": null, "localalt": null, "labelrank": 0, "ignore": 0, "add": 0, "rwdb_rd_id": 27799, "orig_fid": 10741, "prefix": null, "uident": 0, "continent": "Asia", "expressway": 0, "level": null, "min_zoom": 7.6, "min_label": 10.1}, "bbox": [101.117556, 37.621385, 101.344399, 37.679127], "geometry": {"type": "LineString", "coordinates": [[101.344399, 37.646132], [101.282532, 37.62551], [101.266035, 37.621385], [101.233039, 37.62551], [101.154675, 37.650256], [101.142302, 37.662629], [101.117556, 37.679127]]}}, {"type": "Feature", "properties": {"scalerank": 9, "featurecla": "Road", "type": "Unknown", "sov_a3": null, "note": null, "edited": "New in version 2.0.0", "name": null, "namealt": null, "namealtt": null, "routeraw": null, "question": 0, "length_km": 27, "toll": 0, "ne_part": "global_basic", "label": null, "label2": null, "local": null, "localtype": null, "localalt": null, "labelrank": 0, "ignore": 0, "add": 0, "rwdb_rd_id": 27867, "orig_fid": 10778, "prefix": null, "uident": 0, "continent": "Asia", "expressway": 0, "level": null, "min_zoom": 7.6, "min_label": 10.1}, "bbox": [102.853937, 37.576016, 103.089029, 37.62551], "geometry": {"type": "LineString", "coordinates": [[102.853937, 37.576016], [102.870435, 37.58839], [102.907555, 37.600763], [102.994168, 37.617261], [103.056034, 37.62551], [103.089029, 37.621385]]}}, {"type": "Feature", "properties": {"scalerank": 3, "featurecla": "Road", "type": "Major Highway", "sov_a3": null, "note": null, "edited": "New in version 2.0.0", "name": null, "namealt": null, "namealtt": null, "routeraw": null, "question": 0, "length_km": 43, "toll": 0, "ne_part": "global_basic", "label": null, "label2": null, "local": null, "localtype": null, "localalt": null, "labelrank": 0, "ignore": 0, "add": 0, "rwdb_rd_id": 27868, "orig_fid": 10779, "prefix": null, "uident": 0, "continent": "Asia", "expressway": 1, "level": null, "min_zoom": 3, "min_label": 6}, "bbox": [102.62297, 37.576016, 102.853937, 37.934841], "geometry": {"type": "LineString", "coordinates": [[102.635343, 37.934841], [102.62297, 37.910095], [102.62297, 37.877099], [102.627094, 37.844104], [102.647716, 37.806984], [102.672463, 37.769864], [102.701334, 37.740993], [102.734329, 37.712122], [102.783822, 37.670878], [102.820942, 37.633758], [102.83744, 37.604887], [102.853937, 37.576016]]}}, {"type": "Feature", "properties": {"scalerank": 10, "featurecla": "Road", "type": "Unknown", "sov_a3": null, "note": null, "edited": "New in version 2.0.0", "name": null, "namealt": null, "namealtt": null, "routeraw": null, "question": 0, "length_km": 48, "toll": 0, "ne_part": "global_basic", "label": null, "label2": null, "local": null, "localtype": null, "localalt": null, "labelrank": 0, "ignore": 0, "add": 0, "rwdb_rd_id": 27870, "orig_fid": 10780, "prefix": null, "uident": 0, "continent": "Asia", "expressway": 0, "level": null, "min_zoom": 7.7, "min_label": 10.2}, "bbox": [96.423963, 37.576016, 96.811659, 37.786362], "geometry": {"type": "LineString", "coordinates": [[96.423963, 37.786362], [96.44871, 37.76574], [96.477581, 37.745118], [96.5147, 37.699749], [96.535322, 37.675003], [96.568318, 37.65438], [96.609562, 37.633758], [96.667304, 37.617261], [96.758041, 37.596639], [96.782788, 37.58839], [96.811659, 37.576016]]}}, {"type": "Feature", "properties": {"scalerank": 10, "featurecla": "Road", "type": "Unknown", "sov_a3": null, "note": null, "edited": "New in version 2.0.0", "name": null, "namealt": null, "namealtt": null, "routeraw": null, "question": 0, "length_km": 6, "toll": 0, "ne_part": "global_basic", "label": null, "label2": null, "local": null, "localtype": null, "localalt": null, "labelrank": 0, "ignore": 0, "add": 0, "rwdb_rd_id": 27974, "orig_fid": 10855, "prefix": null, "uident": 0, "continent": "Asia", "expressway": 0, "level": null, "min_zoom": 7.7, "min_label": 10.2}, "bbox": [96.811659, 37.510026, 96.828156, 37.576016], "geometry": {"type": "LineString", "coordinates": [[96.811659, 37.576016], [96.828156, 37.510026]]}}, {"type": "Feature", "properties": {"scalerank": 9, "featurecla": "Road", "type": "Unknown", "sov_a3": null, "note": null, "edited": "New in version 2.0.0", "name": null, "namealt": null, "namealtt": null, "routeraw": null, "question": 0, "length_km": 133, "toll": 0, "ne_part": "global_basic", "label": null, "label2": null, "local": null, "localtype": null, "localalt": null, "labelrank": 0, "ignore": 0, "add": 0, "rwdb_rd_id": 28044, "orig_fid": 10902, "prefix": null, "uident": 0, "continent": "Asia", "expressway": 0, "level": null, "min_zoom": 7.6, "min_label": 10.1}, "bbox": [98.040737, 37.468782, 98.601658, 38.730855], "geometry": {"type": "LineString", "coordinates": [[98.593409, 37.468782], [98.601658, 37.51415], [98.597534, 37.526523], [98.58516, 37.547146], [98.572787, 37.576016], [98.564538, 37.642007], [98.552165, 37.695625], [98.543916, 37.720371], [98.535667, 37.732745], [98.494423, 37.761615], [98.48205, 37.778113], [98.457303, 37.831731], [98.424308, 37.864726], [98.40781, 37.897721], [98.399561, 37.938966], [98.378939, 37.992583], [98.366566, 38.037952], [98.341819, 38.079196], [98.341819, 38.124565], [98.333571, 38.182307], [98.312948, 38.219426], [98.275829, 38.268919], [98.251082, 38.322537], [98.242833, 38.380279], [98.234584, 38.405025], [98.222211, 38.425647], [98.222211, 38.438021], [98.205713, 38.458643], [98.209838, 38.462767], [98.168594, 38.520509], [98.160345, 38.537007], [98.15622, 38.565878], [98.135598, 38.590624], [98.098478, 38.62362], [98.077856, 38.640117], [98.057234, 38.664864], [98.05311, 38.677237], [98.05311, 38.697859], [98.040737, 38.730855]]}}, {"type": "Feature", "properties": {"scalerank": 9, "featurecla": "Road", "type": "Unknown", "sov_a3": null, "note": null, "edited": "New in version 2.0.0", "name": null, "namealt": null, "namealtt": null, "routeraw": null, "question": 0, "length_km": 4, "toll": 0, "ne_part": "global_basic", "label": null, "label2": null, "local": null, "localtype": null, "localalt": null, "labelrank": 0, "ignore": 0, "add": 0, "rwdb_rd_id": 28045, "orig_fid": 10903, "prefix": null, "uident": 0, "continent": "Asia", "expressway": 0, "level": null, "min_zoom": 7.6, "min_label": 10.1}, "bbox": [98.556289, 37.468782, 98.593409, 37.47703], "geometry": {"type": "LineString", "coordinates": [[98.556289, 37.47703], [98.593409, 37.468782]]}}, {"type": "Feature", "properties": {"scalerank": 4, "featurecla": "Road", "type": "Road", "sov_a3": null, "note": null, "edited": "New in version 2.0.0", "name": null, "namealt": null, "namealtt": null, "routeraw": null, "question": 0, "length_km": 20, "toll": 0, "ne_part": "global_basic", "label": null, "label2": null, "local": null, "localtype": null, "localalt": null, "labelrank": 0, "ignore": 0, "add": 0, "rwdb_rd_id": 28050, "orig_fid": 10906, "prefix": null, "uident": 0, "continent": "Asia", "expressway": 0, "level": null, "min_zoom": 4, "min_label": 7}, "bbox": [101.344399, 37.464657, 101.43926, 37.646132], "geometry": {"type": "LineString", "coordinates": [[101.431012, 37.464657], [101.43926, 37.510026], [101.414514, 37.559519], [101.385643, 37.592514], [101.369145, 37.62551], [101.356772, 37.642007], [101.344399, 37.646132]]}}, {"type": "Feature", "properties": {"scalerank": 9, "featurecla": "Road", "type": "Unknown", "sov_a3": null, "note": null, "edited": "New in version 2.0.0", "name": null, "namealt": null, "namealtt": null, "routeraw": null, "question": 0, "length_km": 54, "toll": 0, "ne_part": "global_basic", "label": null, "label2": null, "local": null, "localtype": null, "localalt": null, "labelrank": 0, "ignore": 0, "add": 0, "rwdb_rd_id": 28133, "orig_fid": 10962, "prefix": null, "uident": 0, "continent": "Asia", "expressway": 0, "level": null, "min_zoom": 7.6, "min_label": 10.1}, "bbox": [101.859952, 37.398666, 102.037302, 37.839979], "geometry": {"type": "LineString", "coordinates": [[101.991933, 37.398666], [101.963062, 37.456408], [101.958938, 37.464657], [101.938316, 37.510026], [101.921818, 37.530648], [101.884698, 37.571892], [101.864076, 37.613136], [101.859952, 37.633758], [101.864076, 37.662629], [101.884698, 37.695625], [101.901196, 37.707998], [101.934191, 37.732745], [101.954813, 37.749242], [101.971311, 37.769864], [101.983684, 37.798735], [101.996057, 37.811109], [102.037302, 37.839979]]}}, {"type": "Feature", "properties": {"scalerank": 9, "featurecla": "Road", "type": "Unknown", "sov_a3": null, "note": null, "edited": "New in version 2.0.0", "name": null, "namealt": null, "namealtt": null, "routeraw": null, "question": 0, "length_km": 115, "toll": 0, "ne_part": "global_basic", "label": null, "label2": null, "local": null, "localtype": null, "localalt": null, "labelrank": 0, "ignore": 0, "add": 0, "rwdb_rd_id": 28149, "orig_fid": 10973, "prefix": null, "uident": 0, "continent": "Asia", "expressway": 0, "level": null, "min_zoom": 7.6, "min_label": 10.1}, "bbox": [103.089029, 37.386293, 104.091264, 37.621385], "geometry": {"type": "LineString", "coordinates": [[103.089029, 37.621385], [103.146771, 37.600763], [103.221011, 37.571892], [103.352992, 37.501777], [103.40661, 37.485279], [103.427232, 37.481155], [103.451978, 37.481155], [103.484974, 37.489404], [103.54684, 37.485279], [103.588084, 37.472906], [103.616955, 37.456408], [103.625204, 37.452284], [103.678822, 37.423413], [103.711817, 37.415164], [103.831425, 37.398666], [103.876794, 37.386293], [103.893292, 37.386293], [103.955158, 37.390417], [104.029398, 37.386293], [104.091264, 37.402791]]}}, {"type": "Feature", "properties": {"scalerank": 3, "featurecla": "Road", "type": "Major Highway", "sov_a3": null, "note": null, "edited": "New in version 2.0.0", "name": null, "namealt": null, "namealtt": null, "routeraw": null, "question": 0, "length_km": 20, "toll": 0, "ne_part": "global_basic", "label": null, "label2": null, "local": null, "localtype": null, "localalt": null, "labelrank": 0, "ignore": 0, "add": 0, "rwdb_rd_id": 28153, "orig_fid": 10974, "prefix": null, "uident": 0, "continent": "Asia", "expressway": 1, "level": null, "min_zoom": 3, "min_label": 6}, "bbox": [102.853937, 37.382169, 102.911679, 37.576016], "geometry": {"type": "LineString", "coordinates": [[102.853937, 37.576016], [102.858062, 37.559519], [102.874559, 37.505901], [102.891057, 37.464657], [102.891057, 37.439911], [102.882808, 37.431662], [102.891057, 37.415164], [102.911679, 37.398666], [102.911679, 37.382169]]}}, {"type": "Feature", "properties": {"scalerank": 5, "featurecla": "Road", "type": "Unknown", "sov_a3": null, "note": null, "edited": "New in version 2.0.0", "name": null, "namealt": null, "namealtt": null, "routeraw": null, "question": 0, "length_km": 161, "toll": 0, "ne_part": "global_basic", "label": null, "label2": null, "local": null, "localtype": null, "localalt": null, "labelrank": 0, "ignore": 0, "add": 0, "rwdb_rd_id": 28196, "orig_fid": 11004, "prefix": null, "uident": 0, "continent": "Asia", "expressway": 0, "level": null, "min_zoom": 5, "min_label": 8}, "bbox": [95.384609, 37.357422, 96.733295, 37.827606], "geometry": {"type": "LineString", "coordinates": [[96.733295, 37.357422], [96.720921, 37.361547], [96.667304, 37.386293], [96.58894, 37.406915], [96.55182, 37.41104], [96.477581, 37.415164], [96.370346, 37.431662], [96.287857, 37.435786], [96.246613, 37.431662], [96.143502, 37.444035], [96.015645, 37.468782], [95.974401, 37.481155], [95.900161, 37.493528], [95.780553, 37.530648], [95.706314, 37.547146], [95.652696, 37.567768], [95.557834, 37.62551], [95.47947, 37.679127], [95.462973, 37.699749], [95.454724, 37.72862], [95.438226, 37.761615], [95.421728, 37.790486], [95.388733, 37.827606], [95.384609, 37.827606]]}}, {"type": "Feature", "properties": {"scalerank": 10, "featurecla": "Road", "type": "Unknown", "sov_a3": null, "note": null, "edited": "New in version 2.0.0", "name": null, "namealt": null, "namealtt": null, "routeraw": null, "question": 0, "length_km": 14, "toll": 0, "ne_part": "global_basic", "label": null, "label2": null, "local": null, "localtype": null, "localalt": null, "labelrank": 0, "ignore": 0, "add": 0, "rwdb_rd_id": 28197, "orig_fid": 11005, "prefix": null, "uident": 0, "continent": "Asia", "expressway": 0, "level": null, "min_zoom": 7.7, "min_label": 10.2}, "bbox": [96.828156, 37.353298, 96.832281, 37.510026], "geometry": {"type": "LineString", "coordinates": [[96.828156, 37.510026], [96.832281, 37.497652], [96.832281, 37.415164], [96.828156, 37.353298]]}}, {"type": "Feature", "properties": {"scalerank": 5, "featurecla": "Road", "type": "Unknown", "sov_a3": null, "note": null, "edited": "New in version 2.0.0", "name": null, "namealt": null, "namealtt": null, "routeraw": null, "question": 0, "length_km": 11, "toll": 0, "ne_part": "global_basic", "label": null, "label2": null, "local": null, "localtype": null, "localalt": null, "labelrank": 0, "ignore": 0, "add": 0, "rwdb_rd_id": 28200, "orig_fid": 11007, "prefix": null, "uident": 0, "continent": "Asia", "expressway": 0, "level": null, "min_zoom": 5, "min_label": 8}, "bbox": [96.733295, 37.353298, 96.828156, 37.357422], "geometry": {"type": "LineString", "coordinates": [[96.828156, 37.353298], [96.786912, 37.357422], [96.745668, 37.353298], [96.733295, 37.357422]]}}, {"type": "Feature", "properties": {"scalerank": 5, "featurecla": "Road", "type": "Unknown", "sov_a3": null, "note": null, "edited": "New in version 2.0.0", "name": null, "namealt": null, "namealtt": null, "routeraw": null, "question": 0, "length_km": 63, "toll": 0, "ne_part": "global_basic", "label": null, "label2": null, "local": null, "localtype": null, "localalt": null, "labelrank": 0, "ignore": 0, "add": 0, "rwdb_rd_id": 28210, "orig_fid": 11014, "prefix": null, "uident": 0, "continent": "Asia", "expressway": 0, "level": null, "min_zoom": 5, "min_label": 8}, "bbox": [96.828156, 37.340924, 97.389078, 37.361547], "geometry": {"type": "LineString", "coordinates": [[97.389078, 37.353298], [97.327211, 37.340924], [97.302465, 37.340924], [97.252972, 37.357422], [97.182857, 37.361547], [97.145737, 37.357422], [97.108617, 37.353298], [97.034378, 37.345049], [96.923018, 37.345049], [96.828156, 37.353298]]}}, {"type": "Feature", "properties": {"scalerank": 5, "featurecla": "Road", "type": "Unknown", "sov_a3": null, "note": null, "edited": "New in version 2.0.0", "name": null, "namealt": null, "namealtt": null, "routeraw": null, "question": 0, "length_km": 20, "toll": 0, "ne_part": "global_basic", "label": null, "label2": null, "local": null, "localtype": null, "localalt": null, "labelrank": 0, "ignore": 0, "add": 0, "rwdb_rd_id": 28213, "orig_fid": 11017, "prefix": null, "uident": 0, "continent": "Asia", "expressway": 0, "level": null, "min_zoom": 5, "min_label": 8}, "bbox": [97.389078, 37.3368, 97.570552, 37.353298], "geometry": {"type": "LineString", "coordinates": [[97.570552, 37.3368], [97.488064, 37.349173], [97.426198, 37.353298], [97.389078, 37.353298]]}}, {"type": "Feature", "properties": {"scalerank": 9, "featurecla": "Road", "type": "Unknown", "sov_a3": null, "note": null, "edited": "New in version 2.0.0", "name": null, "namealt": null, "namealtt": null, "routeraw": null, "question": 0, "length_km": 83, "toll": 0, "ne_part": "global_basic", "label": null, "label2": null, "local": null, "localtype": null, "localalt": null, "labelrank": 0, "ignore": 0, "add": 0, "rwdb_rd_id": 28214, "orig_fid": 11018, "prefix": null, "uident": 0, "continent": "Asia", "expressway": 0, "level": null, "min_zoom": 7.6, "min_label": 10.1}, "bbox": [98.62228, 37.3368, 98.857372, 37.976085], "geometry": {"type": "LineString", "coordinates": [[98.840874, 37.3368], [98.849123, 37.369795], [98.844999, 37.398666], [98.828501, 37.427537], [98.76251, 37.47703], [98.708893, 37.530648], [98.675898, 37.559519], [98.663524, 37.592514], [98.655275, 37.613136], [98.62228, 37.650256], [98.634653, 37.666754], [98.667649, 37.666754], [98.692395, 37.675003], [98.729515, 37.695625], [98.741888, 37.707998], [98.750137, 37.736869], [98.779008, 37.782238], [98.791381, 37.798735], [98.795506, 37.806984], [98.828501, 37.844104], [98.840874, 37.877099], [98.849123, 37.914219], [98.840874, 37.938966], [98.853248, 37.971961], [98.857372, 37.976085]]}}, {"type": "Feature", "properties": {"scalerank": 9, "featurecla": "Road", "type": "Unknown", "sov_a3": null, "note": null, "edited": "New in version 2.0.0", "name": null, "namealt": null, "namealtt": null, "routeraw": null, "question": 0, "length_km": 31, "toll": 0, "ne_part": "global_basic", "label": null, "label2": null, "local": null, "localtype": null, "localalt": null, "labelrank": 0, "ignore": 0, "add": 0, "rwdb_rd_id": 28215, "orig_fid": 11019, "prefix": null, "uident": 0, "continent": "Asia", "expressway": 0, "level": null, "min_zoom": 7.6, "min_label": 10.1}, "bbox": [98.593409, 37.3368, 98.840874, 37.468782], "geometry": {"type": "LineString", "coordinates": [[98.593409, 37.468782], [98.638778, 37.452284], [98.667649, 37.431662], [98.692395, 37.402791], [98.713017, 37.382169], [98.737764, 37.365671], [98.770759, 37.353298], [98.840874, 37.3368]]}}, {"type": "Feature", "properties": {"scalerank": 9, "featurecla": "Road", "type": "Unknown", "sov_a3": null, "note": null, "edited": "New in version 2.0.0", "name": null, "namealt": null, "namealtt": null, "routeraw": null, "question": 0, "length_km": 30, "toll": 0, "ne_part": "global_basic", "label": null, "label2": null, "local": null, "localtype": null, "localalt": null, "labelrank": 0, "ignore": 0, "add": 0, "rwdb_rd_id": 28227, "orig_fid": 11029, "prefix": null, "uident": 0, "continent": "Asia", "expressway": 0, "level": null, "min_zoom": 7.6, "min_label": 10.1}, "bbox": [102.911679, 37.328551, 103.171518, 37.390417], "geometry": {"type": "LineString", "coordinates": [[103.171518, 37.328551], [103.163269, 37.340924], [103.134398, 37.361547], [103.093154, 37.378044], [102.990043, 37.390417], [102.911679, 37.382169]]}}, {"type": "Feature", "properties": {"scalerank": 10, "featurecla": "Road", "type": "Unknown", "sov_a3": null, "note": null, "edited": "New in version 2.0.0", "name": null, "namealt": null, "namealtt": null, "routeraw": null, "question": 0, "length_km": 90, "toll": 0, "ne_part": "global_basic", "label": null, "label2": null, "local": null, "localtype": null, "localalt": null, "labelrank": 0, "ignore": 0, "add": 0, "rwdb_rd_id": 28253, "orig_fid": 11037, "prefix": null, "uident": 0, "continent": "Asia", "expressway": 0, "level": null, "min_zoom": 7.7, "min_label": 10.2}, "bbox": [99.542026, 37.316178, 100.127694, 37.897721], "geometry": {"type": "LineString", "coordinates": [[100.119445, 37.316178], [100.119445, 37.353298], [100.127694, 37.386293], [100.115321, 37.460533], [100.102948, 37.493528], [100.08645, 37.526523], [100.057579, 37.563643], [100.04933, 37.576016], [100.024584, 37.596639], [99.995713, 37.617261], [99.921473, 37.650256], [99.87198, 37.687376], [99.760621, 37.745118], [99.739998, 37.757491], [99.702879, 37.806984], [99.682257, 37.827606], [99.636888, 37.848228], [99.599768, 37.864726], [99.558524, 37.889473], [99.542026, 37.897721]]}}, {"type": "Feature", "properties": {"scalerank": 10, "featurecla": "Road", "type": "Unknown", "sov_a3": null, "note": null, "edited": "New in version 2.0.0", "name": null, "namealt": null, "namealtt": null, "routeraw": null, "question": 0, "length_km": 42, "toll": 0, "ne_part": "global_basic", "label": null, "label2": null, "local": null, "localtype": null, "localalt": null, "labelrank": 0, "ignore": 0, "add": 0, "rwdb_rd_id": 28288, "orig_fid": 11055, "prefix": null, "uident": 0, "continent": "Asia", "expressway": 0, "level": null, "min_zoom": 7.7, "min_label": 10.2}, "bbox": [98.329446, 37.295556, 98.556289, 37.485279], "geometry": {"type": "LineString", "coordinates": [[98.337695, 37.295556], [98.362441, 37.324427], [98.362441, 37.340924], [98.329446, 37.394542], [98.329446, 37.406915], [98.333571, 37.444035], [98.341819, 37.456408], [98.362441, 37.472906], [98.387188, 37.481155], [98.40781, 37.485279], [98.424308, 37.47703], [98.461428, 37.464657], [98.48205, 37.468782], [98.502672, 37.485279], [98.531543, 37.485279], [98.556289, 37.47703]]}}, {"type": "Feature", "properties": {"scalerank": 5, "featurecla": "Road", "type": "Unknown", "sov_a3": null, "note": null, "edited": "New in version 2.0.0", "name": null, "namealt": null, "namealtt": null, "routeraw": null, "question": 0, "length_km": 86, "toll": 0, "ne_part": "global_basic", "label": null, "label2": null, "local": null, "localtype": null, "localalt": null, "labelrank": 0, "ignore": 0, "add": 0, "rwdb_rd_id": 28289, "orig_fid": 11056, "prefix": null, "uident": 0, "continent": "Asia", "expressway": 0, "level": null, "min_zoom": 5, "min_label": 8}, "bbox": [97.570552, 37.295556, 98.337695, 37.340924], "geometry": {"type": "LineString", "coordinates": [[97.570552, 37.3368], [97.599423, 37.340924], [97.776774, 37.3368], [97.888133, 37.3368], [98.040737, 37.332676], [98.094354, 37.332676], [98.152096, 37.3368], [98.197465, 37.332676], [98.242833, 37.320302], [98.296451, 37.307929], [98.337695, 37.295556]]}}, {"type": "Feature", "properties": {"scalerank": 9, "featurecla": "Road", "type": "Unknown", "sov_a3": null, "note": null, "edited": "New in version 2.0.0", "name": null, "namealt": null, "namealtt": null, "routeraw": null, "question": 0, "length_km": 19, "toll": 0, "ne_part": "global_basic", "label": null, "label2": null, "local": null, "localtype": null, "localalt": null, "labelrank": 0, "ignore": 0, "add": 0, "rwdb_rd_id": 28292, "orig_fid": 11058, "prefix": null, "uident": 0, "continent": "Asia", "expressway": 0, "level": null, "min_zoom": 7.6, "min_label": 10.1}, "bbox": [98.840874, 37.295556, 99.001727, 37.3368], "geometry": {"type": "LineString", "coordinates": [[99.001727, 37.295556], [98.993478, 37.307929], [98.97698, 37.316178], [98.923363, 37.332676], [98.840874, 37.3368]]}}, {"type": "Feature", "properties": {"scalerank": 9, "featurecla": "Road", "type": "Unknown", "sov_a3": null, "note": null, "edited": "New in version 2.0.0", "name": null, "namealt": null, "namealtt": null, "routeraw": null, "question": 0, "length_km": 13, "toll": 0, "ne_part": "global_basic", "label": null, "label2": null, "local": null, "localtype": null, "localalt": null, "labelrank": 0, "ignore": 0, "add": 0, "rwdb_rd_id": 28337, "orig_fid": 11080, "prefix": null, "uident": 0, "continent": "Asia", "expressway": 0, "level": null, "min_zoom": 7.6, "min_label": 10.1}, "bbox": [101.991933, 37.26256, 102.020804, 37.398666], "geometry": {"type": "LineString", "coordinates": [[102.012555, 37.26256], [102.020804, 37.274934], [102.01668, 37.312053], [102.012555, 37.353298], [102.004306, 37.386293], [101.991933, 37.398666]]}}, {"type": "Feature", "properties": {"scalerank": 9, "featurecla": "Road", "type": "Unknown", "sov_a3": null, "note": null, "edited": "New in version 2.0.0", "name": null, "namealt": null, "namealtt": null, "routeraw": null, "question": 0, "length_km": 68, "toll": 0, "ne_part": "global_basic", "label": null, "label2": null, "local": null, "localtype": null, "localalt": null, "labelrank": 0, "ignore": 0, "add": 0, "rwdb_rd_id": 28338, "orig_fid": 11081, "prefix": null, "uident": 0, "continent": "Asia", "expressway": 0, "level": null, "min_zoom": 7.6, "min_label": 10.1}, "bbox": [101.431012, 37.26256, 102.012555, 37.468782], "geometry": {"type": "LineString", "coordinates": [[102.012555, 37.26256], [102.008431, 37.26256], [101.958938, 37.295556], [101.925942, 37.312053], [101.876449, 37.324427], [101.851703, 37.328551], [101.822832, 37.332676], [101.76509, 37.357422], [101.694975, 37.369795], [101.637233, 37.382169], [101.612486, 37.390417], [101.595988, 37.402791], [101.558869, 37.415164], [101.517624, 37.444035], [101.480505, 37.464657], [101.464007, 37.468782], [101.431012, 37.464657]]}}, {"type": "Feature", "properties": {"scalerank": 4, "featurecla": "Road", "type": "Road", "sov_a3": null, "note": null, "edited": "New in version 2.0.0", "name": null, "namealt": null, "namealtt": null, "routeraw": null, "question": 0, "length_km": 22, "toll": 0, "ne_part": "global_basic", "label": null, "label2": null, "local": null, "localtype": null, "localalt": null, "labelrank": 0, "ignore": 0, "add": 0, "rwdb_rd_id": 28352, "orig_fid": 11086, "prefix": null, "uident": 0, "continent": "Asia", "expressway": 0, "level": null, "min_zoom": 4, "min_label": 7}, "bbox": [101.414514, 37.254312, 101.464007, 37.464657], "geometry": {"type": "LineString", "coordinates": [[101.464007, 37.254312], [101.443385, 37.26256], [101.422763, 37.283183], [101.414514, 37.307929], [101.414514, 37.349173], [101.422763, 37.415164], [101.418638, 37.431662], [101.431012, 37.464657]]}}, {"type": "Feature", "properties": {"scalerank": 9, "featurecla": "Road", "type": "Unknown", "sov_a3": null, "note": null, "edited": "New in version 2.0.0", "name": null, "namealt": null, "namealtt": null, "routeraw": null, "question": 0, "length_km": 42, "toll": 0, "ne_part": "global_basic", "label": null, "label2": null, "local": null, "localtype": null, "localalt": null, "labelrank": 0, "ignore": 0, "add": 0, "rwdb_rd_id": 28443, "orig_fid": 11127, "prefix": null, "uident": 0, "continent": "Asia", "expressway": 0, "level": null, "min_zoom": 7.6, "min_label": 10.1}, "bbox": [99.760621, 37.19657, 100.119445, 37.316178], "geometry": {"type": "LineString", "coordinates": [[100.119445, 37.316178], [100.094699, 37.295556], [100.074077, 37.287307], [99.987464, 37.266685], [99.867856, 37.258436], [99.851358, 37.250187], [99.822487, 37.221316], [99.777118, 37.204818], [99.760621, 37.19657]]}}, {"type": "Feature", "properties": {"scalerank": 10, "featurecla": "Road", "type": "Unknown", "sov_a3": null, "note": null, "edited": "New in version 2.0.0", "name": null, "namealt": null, "namealtt": null, "routeraw": null, "question": 0, "length_km": 96, "toll": 0, "ne_part": "global_basic", "label": null, "label2": null, "local": null, "localtype": null, "localalt": null, "labelrank": 0, "ignore": 0, "add": 0, "rwdb_rd_id": 28473, "orig_fid": 11146, "prefix": null, "uident": 0, "continent": "Asia", "expressway": 0, "level": null, "min_zoom": 7.7, "min_label": 10.2}, "bbox": [99.311059, 37.175948, 99.542026, 37.897721], "geometry": {"type": "LineString", "coordinates": [[99.521404, 37.175948], [99.504906, 37.184196], [99.459538, 37.200694], [99.434791, 37.217192], [99.414169, 37.237814], [99.40592, 37.266685], [99.385298, 37.29968], [99.352303, 37.328551], [99.33993, 37.357422], [99.344054, 37.378044], [99.364676, 37.406915], [99.3688, 37.435786], [99.364676, 37.448159], [99.352303, 37.464657], [99.315183, 37.505901], [99.311059, 37.51415], [99.315183, 37.547146], [99.356427, 37.600763], [99.372925, 37.617261], [99.401796, 37.637883], [99.414169, 37.658505], [99.426542, 37.666754], [99.430667, 37.687376], [99.414169, 37.724496], [99.418294, 37.749242], [99.426542, 37.76574], [99.434791, 37.806984], [99.434791, 37.827606], [99.422418, 37.848228], [99.422418, 37.864726], [99.492533, 37.881224], [99.542026, 37.897721]]}}, {"type": "Feature", "properties": {"scalerank": 9, "featurecla": "Road", "type": "Unknown", "sov_a3": null, "note": null, "edited": "New in version 2.0.0", "name": null, "namealt": null, "namealtt": null, "routeraw": null, "question": 0, "length_km": 32, "toll": 0, "ne_part": "global_basic", "label": null, "label2": null, "local": null, "localtype": null, "localalt": null, "labelrank": 0, "ignore": 0, "add": 0, "rwdb_rd_id": 28487, "orig_fid": 11155, "prefix": null, "uident": 0, "continent": "Asia", "expressway": 0, "level": null, "min_zoom": 7.6, "min_label": 10.1}, "bbox": [99.001727, 37.171823, 99.273939, 37.295556], "geometry": {"type": "LineString", "coordinates": [[99.273939, 37.171823], [99.273939, 37.171823], [99.183201, 37.208943], [99.113086, 37.233689], [99.05122, 37.270809], [99.018225, 37.291431], [99.001727, 37.295556]]}}, {"type": "Feature", "properties": {"scalerank": 9, "featurecla": "Road", "type": "Unknown", "sov_a3": null, "note": null, "edited": "New in version 2.0.0", "name": null, "namealt": null, "namealtt": null, "routeraw": null, "question": 0, "length_km": 27, "toll": 0, "ne_part": "global_basic", "label": null, "label2": null, "local": null, "localtype": null, "localalt": null, "labelrank": 0, "ignore": 0, "add": 0, "rwdb_rd_id": 28507, "orig_fid": 11173, "prefix": null, "uident": 0, "continent": "Asia", "expressway": 0, "level": null, "min_zoom": 7.6, "min_label": 10.1}, "bbox": [99.521404, 37.15945, 99.760621, 37.19657], "geometry": {"type": "LineString", "coordinates": [[99.760621, 37.19657], [99.739998, 37.188321], [99.690505, 37.180072], [99.632764, 37.15945], [99.603893, 37.15945], [99.570897, 37.15945], [99.546151, 37.175948], [99.521404, 37.175948]]}}, {"type": "Feature", "properties": {"scalerank": 9, "featurecla": "Road", "type": "Unknown", "sov_a3": null, "note": null, "edited": "New in version 2.0.0", "name": null, "namealt": null, "namealtt": null, "routeraw": null, "question": 0, "length_km": 7, "toll": 0, "ne_part": "global_basic", "label": null, "label2": null, "local": null, "localtype": null, "localalt": null, "labelrank": 0, "ignore": 0, "add": 0, "rwdb_rd_id": 28531, "orig_fid": 11189, "prefix": null, "uident": 0, "continent": "Asia", "expressway": 0, "level": null, "min_zoom": 7.6, "min_label": 10.1}, "bbox": [99.463662, 37.138828, 99.521404, 37.175948], "geometry": {"type": "LineString", "coordinates": [[99.521404, 37.175948], [99.463662, 37.138828]]}}, {"type": "Feature", "properties": {"scalerank": 9, "featurecla": "Road", "type": "Unknown", "sov_a3": null, "note": null, "edited": "New in version 2.0.0", "name": null, "namealt": null, "namealtt": null, "routeraw": null, "question": 0, "length_km": 21, "toll": 0, "ne_part": "global_basic", "label": null, "label2": null, "local": null, "localtype": null, "localalt": null, "labelrank": 0, "ignore": 0, "add": 0, "rwdb_rd_id": 28539, "orig_fid": 11195, "prefix": null, "uident": 0, "continent": "Asia", "expressway": 0, "level": null, "min_zoom": 7.6, "min_label": 10.1}, "bbox": [99.273939, 37.134703, 99.463662, 37.171823], "geometry": {"type": "LineString", "coordinates": [[99.463662, 37.138828], [99.434791, 37.134703], [99.410045, 37.142952], [99.344054, 37.15945], [99.273939, 37.171823]]}}, {"type": "Feature", "properties": {"scalerank": 9, "featurecla": "Road", "type": "Unknown", "sov_a3": null, "note": null, "edited": "New in version 2.0.0", "name": null, "namealt": null, "namealtt": null, "routeraw": null, "question": 0, "length_km": 48, "toll": 0, "ne_part": "global_basic", "label": null, "label2": null, "local": null, "localtype": null, "localalt": null, "labelrank": 0, "ignore": 0, "add": 0, "rwdb_rd_id": 28543, "orig_fid": 11196, "prefix": null, "uident": 0, "continent": "Asia", "expressway": 0, "level": null, "min_zoom": 7.6, "min_label": 10.1}, "bbox": [100.119445, 37.134703, 100.519514, 37.316178], "geometry": {"type": "LineString", "coordinates": [[100.519514, 37.134703], [100.482394, 37.167699], [100.461772, 37.19657], [100.432901, 37.200694], [100.40403, 37.217192], [100.37516, 37.225441], [100.354537, 37.237814], [100.325666, 37.246063], [100.280298, 37.26256], [100.230805, 37.270809], [100.177187, 37.283183], [100.119445, 37.316178]]}}, {"type": "Feature", "properties": {"scalerank": 5, "featurecla": "Road", "type": "Unknown", "sov_a3": null, "note": null, "edited": "New in version 2.0.0", "name": null, "namealt": null, "namealtt": null, "routeraw": null, "question": 0, "length_km": 19, "toll": 0, "ne_part": "global_basic", "label": null, "label2": null, "local": null, "localtype": null, "localalt": null, "labelrank": 0, "ignore": 0, "add": 0, "rwdb_rd_id": 28547, "orig_fid": 11198, "prefix": null, "uident": 0, "continent": "Asia", "expressway": 0, "level": null, "min_zoom": 5, "min_label": 8}, "bbox": [98.337695, 37.130579, 98.40781, 37.295556], "geometry": {"type": "LineString", "coordinates": [[98.403686, 37.130579], [98.399561, 37.138828], [98.40781, 37.204818], [98.399561, 37.241938], [98.383064, 37.274934], [98.362441, 37.287307], [98.337695, 37.295556]]}}, {"type": "Feature", "properties": {"scalerank": 9, "featurecla": "Road", "type": "Unknown", "sov_a3": null, "note": null, "edited": "New in version 2.0.0", "name": null, "namealt": null, "namealtt": null, "routeraw": null, "question": 0, "length_km": 62, "toll": 0, "ne_part": "global_basic", "label": null, "label2": null, "local": null, "localtype": null, "localalt": null, "labelrank": 0, "ignore": 0, "add": 0, "rwdb_rd_id": 28592, "orig_fid": 11223, "prefix": null, "uident": 0, "continent": "Asia", "expressway": 0, "level": null, "min_zoom": 7.6, "min_label": 10.1}, "bbox": [100.37516, 37.089335, 100.634998, 37.650256], "geometry": {"type": "LineString", "coordinates": [[100.614376, 37.089335], [100.634998, 37.109957], [100.634998, 37.151201], [100.630874, 37.167699], [100.606127, 37.213067], [100.577256, 37.246063], [100.531888, 37.283183], [100.511265, 37.312053], [100.503017, 37.328551], [100.494768, 37.382169], [100.486519, 37.402791], [100.465897, 37.431662], [100.453524, 37.489404], [100.428777, 37.530648], [100.424653, 37.547146], [100.395782, 37.580141], [100.379284, 37.609012], [100.37516, 37.621385], [100.387533, 37.650256]]}}, {"type": "Feature", "properties": {"scalerank": 9, "featurecla": "Road", "type": "Unknown", "sov_a3": null, "note": null, "edited": "New in version 2.0.0", "name": null, "namealt": null, "namealtt": null, "routeraw": null, "question": 0, "length_km": 11, "toll": 0, "ne_part": "global_basic", "label": null, "label2": null, "local": null, "localtype": null, "localalt": null, "labelrank": 0, "ignore": 0, "add": 0, "rwdb_rd_id": 28593, "orig_fid": 11224, "prefix": null, "uident": 0, "continent": "Asia", "expressway": 0, "level": null, "min_zoom": 7.6, "min_label": 10.1}, "bbox": [100.519514, 37.089335, 100.614376, 37.134703], "geometry": {"type": "LineString", "coordinates": [[100.614376, 37.089335], [100.519514, 37.134703]]}}, {"type": "Feature", "properties": {"scalerank": 9, "featurecla": "Road", "type": "Unknown", "sov_a3": null, "note": null, "edited": "New in version 2.0.0", "name": null, "namealt": null, "namealtt": null, "routeraw": null, "question": 0, "length_km": 6, "toll": 0, "ne_part": "global_basic", "label": null, "label2": null, "local": null, "localtype": null, "localalt": null, "labelrank": 0, "ignore": 0, "add": 0, "rwdb_rd_id": 28658, "orig_fid": 11263, "prefix": null, "uident": 0, "continent": "Asia", "expressway": 0, "level": null, "min_zoom": 7.6, "min_label": 10.1}, "bbox": [100.569007, 37.056339, 100.614376, 37.089335], "geometry": {"type": "LineString", "coordinates": [[100.569007, 37.056339], [100.585505, 37.068713], [100.614376, 37.089335]]}}, {"type": "Feature", "properties": {"scalerank": 10, "featurecla": "Road", "type": "Unknown", "sov_a3": null, "note": null, "edited": "New in version 2.0.0", "name": null, "namealt": null, "namealtt": null, "routeraw": null, "question": 0, "length_km": 9, "toll": 0, "ne_part": "global_basic", "label": null, "label2": null, "local": null, "localtype": null, "localalt": null, "labelrank": 0, "ignore": 0, "add": 0, "rwdb_rd_id": 28659, "orig_fid": 11264, "prefix": null, "uident": 0, "continent": "Asia", "expressway": 0, "level": null, "min_zoom": 7.7, "min_label": 10.2}, "bbox": [100.519514, 37.056339, 100.569007, 37.134703], "geometry": {"type": "LineString", "coordinates": [[100.569007, 37.056339], [100.519514, 37.134703]]}}, {"type": "Feature", "properties": {"scalerank": 9, "featurecla": "Road", "type": "Unknown", "sov_a3": null, "note": null, "edited": "New in version 2.0.0", "name": null, "namealt": null, "namealtt": null, "routeraw": null, "question": 0, "length_km": 46, "toll": 0, "ne_part": "global_basic", "label": null, "label2": null, "local": null, "localtype": null, "localalt": null, "labelrank": 0, "ignore": 0, "add": 0, "rwdb_rd_id": 28670, "orig_fid": 11271, "prefix": null, "uident": 0, "continent": "Asia", "expressway": 0, "level": null, "min_zoom": 7.6, "min_label": 10.1}, "bbox": [102.012555, 37.052215, 102.367255, 37.26256], "geometry": {"type": "LineString", "coordinates": [[102.367255, 37.052215], [102.359007, 37.076961], [102.321887, 37.105832], [102.293016, 37.114081], [102.255896, 37.130579], [102.218776, 37.155325], [102.165159, 37.167699], [102.144537, 37.15945], [102.123915, 37.15945], [102.099168, 37.171823], [102.037302, 37.213067], [102.012555, 37.26256]]}}, {"type": "Feature", "properties": {"scalerank": 10, "featurecla": "Road", "type": "Unknown", "sov_a3": null, "note": null, "edited": "New in version 2.0.0", "name": null, "namealt": null, "namealtt": null, "routeraw": null, "question": 0, "length_km": 23, "toll": 0, "ne_part": "global_basic", "label": null, "label2": null, "local": null, "localtype": null, "localalt": null, "labelrank": 0, "ignore": 0, "add": 0, "rwdb_rd_id": 28722, "orig_fid": 11307, "prefix": null, "uident": 0, "continent": "Asia", "expressway": 0, "level": null, "min_zoom": 7.7, "min_label": 10.2}, "bbox": [99.463662, 37.027468, 99.645137, 37.138828], "geometry": {"type": "LineString", "coordinates": [[99.645137, 37.027468], [99.632764, 37.043966], [99.591519, 37.068713], [99.566773, 37.093459], [99.550275, 37.105832], [99.513155, 37.118206], [99.467787, 37.134703], [99.463662, 37.138828]]}}, {"type": "Feature", "properties": {"scalerank": 3, "featurecla": "Road", "type": "Major Highway", "sov_a3": null, "note": null, "edited": "New in version 2.0.0", "name": null, "namealt": null, "namealtt": null, "routeraw": null, "question": 0, "length_km": 52, "toll": 0, "ne_part": "global_basic", "label": null, "label2": null, "local": null, "localtype": null, "localalt": null, "labelrank": 0, "ignore": 0, "add": 0, "rwdb_rd_id": 28723, "orig_fid": 11308, "prefix": null, "uident": 0, "continent": "Asia", "expressway": 1, "level": null, "min_zoom": 3, "min_label": 6}, "bbox": [102.841564, 37.023344, 103.072532, 37.382169], "geometry": {"type": "LineString", "coordinates": [[102.911679, 37.382169], [102.907555, 37.349173], [102.911679, 37.320302], [102.911679, 37.29968], [102.899306, 37.283183], [102.870435, 37.26256], [102.853937, 37.246063], [102.841564, 37.217192], [102.841564, 37.188321], [102.845688, 37.171823], [102.858062, 37.15945], [102.870435, 37.151201], [102.90343, 37.142952], [102.928177, 37.134703], [102.965297, 37.097584], [103.023039, 37.072837], [103.060158, 37.043966], [103.072532, 37.023344]]}}, {"type": "Feature", "properties": {"scalerank": 9, "featurecla": "Road", "type": "Unknown", "sov_a3": null, "note": null, "edited": "New in version 2.0.0", "name": null, "namealt": null, "namealtt": null, "routeraw": null, "question": 0, "length_km": 36, "toll": 0, "ne_part": "global_basic", "label": null, "label2": null, "local": null, "localtype": null, "localalt": null, "labelrank": 0, "ignore": 0, "add": 0, "rwdb_rd_id": 28730, "orig_fid": 11311, "prefix": null, "uident": 0, "continent": "Asia", "expressway": 0, "level": null, "min_zoom": 7.6, "min_label": 10.1}, "bbox": [98.849123, 37.023344, 99.001727, 37.295556], "geometry": {"type": "LineString", "coordinates": [[98.849123, 37.023344], [98.87387, 37.027468], [98.877994, 37.039842], [98.886243, 37.081086], [98.882119, 37.105832], [98.861497, 37.134703], [98.861497, 37.171823], [98.87387, 37.188321], [98.943985, 37.233689], [98.972856, 37.26256], [99.001727, 37.295556]]}}, {"type": "Feature", "properties": {"scalerank": 9, "featurecla": "Road", "type": "Unknown", "sov_a3": null, "note": null, "edited": "New in version 2.0.0", "name": null, "namealt": null, "namealtt": null, "routeraw": null, "question": 0, "length_km": 31, "toll": 0, "ne_part": "global_basic", "label": null, "label2": null, "local": null, "localtype": null, "localalt": null, "labelrank": 0, "ignore": 0, "add": 0, "rwdb_rd_id": 28738, "orig_fid": 11315, "prefix": null, "uident": 0, "continent": "Asia", "expressway": 0, "level": null, "min_zoom": 7.6, "min_label": 10.1}, "bbox": [99.645137, 37.023344, 99.785367, 37.19657], "geometry": {"type": "LineString", "coordinates": [[99.645137, 37.027468], [99.690505, 37.023344], [99.768869, 37.043966], [99.785367, 37.052215], [99.785367, 37.064588], [99.768869, 37.08521], [99.748247, 37.12233], [99.744123, 37.138828], [99.748247, 37.167699], [99.760621, 37.19657]]}}, {"type": "Feature", "properties": {"scalerank": 10, "featurecla": "Road", "type": "Unknown", "sov_a3": null, "note": null, "edited": "New in version 2.0.0", "name": null, "namealt": null, "namealtt": null, "routeraw": null, "question": 0, "length_km": 46, "toll": 0, "ne_part": "global_basic", "label": null, "label2": null, "local": null, "localtype": null, "localalt": null, "labelrank": 0, "ignore": 0, "add": 0, "rwdb_rd_id": 28880, "orig_fid": 11406, "prefix": null, "uident": 0, "continent": "Asia", "expressway": 0, "level": null, "min_zoom": 7.7, "min_label": 10.2}, "bbox": [102.701334, 36.94498, 103.072532, 37.023344], "geometry": {"type": "LineString", "coordinates": [[102.701334, 36.977975], [102.72608, 36.998597], [102.750827, 37.006846], [102.767324, 37.006846], [102.783822, 36.990349], [102.792071, 36.969726], [102.808569, 36.965602], [102.849813, 36.949104], [102.866311, 36.94498], [102.886933, 36.949104], [102.90343, 36.953229], [102.924052, 36.977975], [102.936426, 36.9821], [102.985919, 36.977975], [103.039536, 37.002722], [103.072532, 37.023344]]}}, {"type": "Feature", "properties": {"scalerank": 5, "featurecla": "Road", "type": "Unknown", "sov_a3": null, "note": null, "edited": "New in version 2.0.0", "name": null, "namealt": null, "namealtt": null, "routeraw": null, "question": 0, "length_km": 17, "toll": 0, "ne_part": "global_basic", "label": null, "label2": null, "local": null, "localtype": null, "localalt": null, "labelrank": 0, "ignore": 0, "add": 0, "rwdb_rd_id": 28887, "orig_fid": 11411, "prefix": null, "uident": 0, "continent": "Asia", "expressway": 0, "level": null, "min_zoom": 5, "min_label": 8}, "bbox": [98.378939, 36.940855, 98.403686, 37.130579], "geometry": {"type": "LineString", "coordinates": [[98.403686, 37.130579], [98.399561, 37.097584], [98.403686, 37.089335], [98.395437, 37.010971], [98.383064, 36.986224], [98.378939, 36.940855]]}}, {"type": "Feature", "properties": {"scalerank": 5, "featurecla": "Road", "type": "Unknown", "sov_a3": null, "note": null, "edited": "New in version 2.0.0", "name": null, "namealt": null, "namealtt": null, "routeraw": null, "question": 0, "length_km": 55, "toll": 0, "ne_part": "global_basic", "label": null, "label2": null, "local": null, "localtype": null, "localalt": null, "labelrank": 0, "ignore": 0, "add": 0, "rwdb_rd_id": 28899, "orig_fid": 11420, "prefix": null, "uident": 0, "continent": "Asia", "expressway": 0, "level": null, "min_zoom": 5, "min_label": 8}, "bbox": [98.378939, 36.936731, 98.849123, 37.039842], "geometry": {"type": "LineString", "coordinates": [[98.378939, 36.940855], [98.453179, 36.940855], [98.494423, 36.936731], [98.510921, 36.940855], [98.539792, 36.965602], [98.560414, 36.994473], [98.589285, 37.010971], [98.609907, 37.019219], [98.647027, 37.019219], [98.688271, 37.010971], [98.69652, 37.010971], [98.733639, 37.027468], [98.787257, 37.039842], [98.816128, 37.039842], [98.849123, 37.023344]]}}, {"type": "Feature", "properties": {"scalerank": 10, "featurecla": "Road", "type": "Unknown", "sov_a3": null, "note": null, "edited": "New in version 2.0.0", "name": null, "namealt": null, "namealtt": null, "routeraw": null, "question": 0, "length_km": 124, "toll": 0, "ne_part": "global_basic", "label": null, "label2": null, "local": null, "localtype": null, "localalt": null, "labelrank": 0, "ignore": 0, "add": 0, "rwdb_rd_id": 28900, "orig_fid": 11421, "prefix": null, "uident": 0, "continent": "Asia", "expressway": 0, "level": null, "min_zoom": 7.7, "min_label": 10.2}, "bbox": [97.384953, 36.936731, 98.378939, 37.353298], "geometry": {"type": "LineString", "coordinates": [[97.389078, 37.353298], [97.384953, 37.324427], [97.384953, 37.303805], [97.405576, 37.274934], [97.442695, 37.241938], [97.492188, 37.208943], [97.525184, 37.184196], [97.533433, 37.175948], [97.545806, 37.138828], [97.554055, 37.12233], [97.578801, 37.097584], [97.620045, 37.072837], [97.665414, 37.060464], [97.752027, 37.027468], [97.785022, 37.023344], [97.842764, 37.023344], [97.879884, 37.019219], [97.962373, 37.002722], [98.01599, 36.9821], [98.077856, 36.965602], [98.201589, 36.949104], [98.275829, 36.936731], [98.329446, 36.936731], [98.378939, 36.940855]]}}, {"type": "Feature", "properties": {"scalerank": 10, "featurecla": "Road", "type": "Unknown", "sov_a3": null, "note": null, "edited": "New in version 2.0.0", "name": null, "namealt": null, "namealtt": null, "routeraw": null, "question": 0, "length_km": 17, "toll": 0, "ne_part": "global_basic", "label": null, "label2": null, "local": null, "localtype": null, "localalt": null, "labelrank": 0, "ignore": 0, "add": 0, "rwdb_rd_id": 28913, "orig_fid": 11427, "prefix": null, "uident": 0, "continent": "Asia", "expressway": 0, "level": null, "min_zoom": 7.7, "min_label": 10.2}, "bbox": [102.581725, 36.928482, 102.701334, 36.998597], "geometry": {"type": "LineString", "coordinates": [[102.581725, 36.928482], [102.598223, 36.961478], [102.631218, 36.973851], [102.639467, 36.994473], [102.664214, 36.998597], [102.701334, 36.977975]]}}, {"type": "Feature", "properties": {"scalerank": 9, "featurecla": "Road", "type": "Unknown", "sov_a3": null, "note": null, "edited": "New in version 2.0.0", "name": null, "namealt": null, "namealtt": null, "routeraw": null, "question": 0, "length_km": 28, "toll": 0, "ne_part": "global_basic", "label": null, "label2": null, "local": null, "localtype": null, "localalt": null, "labelrank": 0, "ignore": 0, "add": 0, "rwdb_rd_id": 28914, "orig_fid": 11428, "prefix": null, "uident": 0, "continent": "Asia", "expressway": 0, "level": null, "min_zoom": 7.6, "min_label": 10.1}, "bbox": [102.367255, 36.928482, 102.581725, 37.052215], "geometry": {"type": "LineString", "coordinates": [[102.581725, 36.928482], [102.556979, 36.932607], [102.490988, 36.957353], [102.457993, 36.973851], [102.441495, 37.002722], [102.429122, 37.031593], [102.367255, 37.052215]]}}, {"type": "Feature", "properties": {"scalerank": 9, "featurecla": "Road", "type": "Unknown", "sov_a3": null, "note": null, "edited": "New in version 2.0.0", "name": null, "namealt": null, "namealtt": null, "routeraw": null, "question": 0, "length_km": 17, "toll": 0, "ne_part": "global_basic", "label": null, "label2": null, "local": null, "localtype": null, "localalt": null, "labelrank": 0, "ignore": 0, "add": 0, "rwdb_rd_id": 28956, "orig_fid": 11450, "prefix": null, "uident": 0, "continent": "Asia", "expressway": 0, "level": null, "min_zoom": 7.6, "min_label": 10.1}, "bbox": [101.002072, 36.895487, 101.129929, 37.002722], "geometry": {"type": "LineString", "coordinates": [[101.002072, 36.895487], [101.039191, 36.911985], [101.072187, 36.949104], [101.08456, 36.969726], [101.12168, 36.998597], [101.129929, 37.002722]]}}, {"type": "Feature", "properties": {"scalerank": 9, "featurecla": "Road", "type": "Unknown", "sov_a3": null, "note": null, "edited": "New in version 2.0.0", "name": null, "namealt": null, "namealtt": null, "routeraw": null, "question": 0, "length_km": 49, "toll": 0, "ne_part": "global_basic", "label": null, "label2": null, "local": null, "localtype": null, "localalt": null, "labelrank": 0, "ignore": 0, "add": 0, "rwdb_rd_id": 28957, "orig_fid": 11451, "prefix": null, "uident": 0, "continent": "Asia", "expressway": 0, "level": null, "min_zoom": 7.6, "min_label": 10.1}, "bbox": [100.614376, 36.895487, 101.002072, 37.089335], "geometry": {"type": "LineString", "coordinates": [[101.002072, 36.895487], [100.993823, 36.924358], [100.973201, 36.936731], [100.948454, 36.936731], [100.903086, 36.932607], [100.890712, 36.940855], [100.878339, 36.965602], [100.853592, 36.977975], [100.820597, 36.9821], [100.799975, 36.990349], [100.76698, 37.015095], [100.733984, 37.031593], [100.676242, 37.056339], [100.65562, 37.068713], [100.614376, 37.089335]]}}, {"type": "Feature", "properties": {"scalerank": 3, "featurecla": "Road", "type": "Major Highway", "sov_a3": null, "note": null, "edited": "New in version 2.0.0", "name": null, "namealt": null, "namealtt": null, "routeraw": null, "question": 0, "length_km": 14, "toll": 0, "ne_part": "global_basic", "label": null, "label2": null, "local": null, "localtype": null, "localalt": null, "labelrank": 0, "ignore": 0, "add": 0, "rwdb_rd_id": 28966, "orig_fid": 11458, "prefix": null, "uident": 0, "continent": "Asia", "expressway": 1, "level": null, "min_zoom": 3, "min_label": 6}, "bbox": [103.072532, 36.891362, 103.130274, 37.023344], "geometry": {"type": "LineString", "coordinates": [[103.072532, 37.023344], [103.097278, 36.998597], [103.130274, 36.94498], [103.130274, 36.891362]]}}, {"type": "Feature", "properties": {"scalerank": 9, "featurecla": "Road", "type": "Unknown", "sov_a3": null, "note": null, "edited": "New in version 2.0.0", "name": null, "namealt": null, "namealtt": null, "routeraw": null, "question": 0, "length_km": 3, "toll": 0, "ne_part": "global_basic", "label": null, "label2": null, "local": null, "localtype": null, "localalt": null, "labelrank": 0, "ignore": 0, "add": 0, "rwdb_rd_id": 28998, "orig_fid": 11474, "prefix": null, "uident": 0, "continent": "Asia", "expressway": 0, "level": null, "min_zoom": 7.6, "min_label": 10.1}, "bbox": [101.002072, 36.866616, 101.006196, 36.895487], "geometry": {"type": "LineString", "coordinates": [[101.006196, 36.866616], [101.002072, 36.895487]]}}, {"type": "Feature", "properties": {"scalerank": 10, "featurecla": "Road", "type": "Unknown", "sov_a3": null, "note": null, "edited": "New in version 2.0.0", "name": null, "namealt": null, "namealtt": null, "routeraw": null, "question": 0, "length_km": 18, "toll": 0, "ne_part": "global_basic", "label": null, "label2": null, "local": null, "localtype": null, "localalt": null, "labelrank": 0, "ignore": 0, "add": 0, "rwdb_rd_id": 29015, "orig_fid": 11485, "prefix": null, "uident": 0, "continent": "Asia", "expressway": 0, "level": null, "min_zoom": 7.7, "min_label": 10.2}, "bbox": [102.697209, 36.858367, 102.80032, 36.977975], "geometry": {"type": "LineString", "coordinates": [[102.80032, 36.858367], [102.796195, 36.87074], [102.771449, 36.911985], [102.754951, 36.916109], [102.738453, 36.911985], [102.713707, 36.916109], [102.697209, 36.969726], [102.701334, 36.977975]]}}, {"type": "Feature", "properties": {"scalerank": 5, "featurecla": "Road", "type": "Unknown", "sov_a3": null, "note": null, "edited": "New in version 2.0.0", "name": null, "namealt": null, "namealtt": null, "routeraw": null, "question": 0, "length_km": 19, "toll": 0, "ne_part": "global_basic", "label": null, "label2": null, "local": null, "localtype": null, "localalt": null, "labelrank": 0, "ignore": 0, "add": 0, "rwdb_rd_id": 29016, "orig_fid": 11486, "prefix": null, "uident": 0, "continent": "Asia", "expressway": 0, "level": null, "min_zoom": 5, "min_label": 8}, "bbox": [98.849123, 36.858367, 98.927487, 37.023344], "geometry": {"type": "LineString", "coordinates": [[98.849123, 37.023344], [98.849123, 37.019219], [98.877994, 37.006846], [98.890368, 36.990349], [98.902741, 36.965602], [98.906865, 36.940855], [98.919238, 36.90786], [98.927487, 36.895487], [98.927487, 36.858367]]}}, {"type": "Feature", "properties": {"scalerank": 9, "featurecla": "Road", "type": "Unknown", "sov_a3": null, "note": null, "edited": "New in version 2.0.0", "name": null, "namealt": null, "namealtt": null, "routeraw": null, "question": 0, "length_km": 40, "toll": 0, "ne_part": "global_basic", "label": null, "label2": null, "local": null, "localtype": null, "localalt": null, "labelrank": 0, "ignore": 0, "add": 0, "rwdb_rd_id": 29022, "orig_fid": 11488, "prefix": null, "uident": 0, "continent": "Asia", "expressway": 0, "level": null, "min_zoom": 7.6, "min_label": 10.1}, "bbox": [103.678822, 36.854243, 104.025273, 36.969726], "geometry": {"type": "LineString", "coordinates": [[104.025273, 36.969726], [103.979905, 36.94498], [103.913914, 36.911985], [103.852047, 36.891362], [103.802554, 36.878989], [103.736564, 36.866616], [103.678822, 36.854243]]}}, {"type": "Feature", "properties": {"scalerank": 9, "featurecla": "Road", "type": "Unknown", "sov_a3": null, "note": null, "edited": "New in version 2.0.0", "name": null, "namealt": null, "namealtt": null, "routeraw": null, "question": 0, "length_km": 79, "toll": 0, "ne_part": "global_basic", "label": null, "label2": null, "local": null, "localtype": null, "localalt": null, "labelrank": 0, "ignore": 0, "add": 0, "rwdb_rd_id": 29023, "orig_fid": 11489, "prefix": null, "uident": 0, "continent": "Asia", "expressway": 0, "level": null, "min_zoom": 7.6, "min_label": 10.1}, "bbox": [103.171518, 36.854243, 103.678822, 37.328551], "geometry": {"type": "LineString", "coordinates": [[103.678822, 36.854243], [103.670573, 36.891362], [103.666448, 36.90786], [103.645826, 36.924358], [103.596333, 36.957353], [103.596333, 36.990349], [103.592209, 37.002722], [103.579836, 37.015095], [103.579836, 37.039842], [103.563338, 37.072837], [103.550965, 37.08521], [103.501472, 37.105832], [103.468476, 37.142952], [103.447854, 37.151201], [103.348868, 37.171823], [103.262255, 37.188321], [103.208638, 37.213067], [103.19214, 37.233689], [103.179767, 37.274934], [103.175642, 37.316178], [103.171518, 37.328551]]}}, {"type": "Feature", "properties": {"scalerank": 10, "featurecla": "Road", "type": "Unknown", "sov_a3": null, "note": null, "edited": "New in version 2.0.0", "name": null, "namealt": null, "namealtt": null, "routeraw": null, "question": 0, "length_km": 56, "toll": 0, "ne_part": "global_basic", "label": null, "label2": null, "local": null, "localtype": null, "localalt": null, "labelrank": 0, "ignore": 0, "add": 0, "rwdb_rd_id": 29039, "orig_fid": 11503, "prefix": null, "uident": 0, "continent": "Asia", "expressway": 0, "level": null, "min_zoom": 7.7, "min_label": 10.2}, "bbox": [100.569007, 36.841869, 101.006196, 37.056339], "geometry": {"type": "LineString", "coordinates": [[101.006196, 36.866616], [100.964952, 36.866616], [100.927832, 36.862491], [100.911334, 36.862491], [100.886588, 36.866616], [100.87009, 36.862491], [100.845344, 36.841869], [100.820597, 36.850118], [100.775228, 36.878989], [100.717487, 36.899611], [100.667993, 36.928482], [100.639123, 36.953229], [100.614376, 36.986224], [100.569007, 37.056339]]}}, {"type": "Feature", "properties": {"scalerank": 10, "featurecla": "Road", "type": "Unknown", "sov_a3": null, "note": null, "edited": "New in version 2.0.0", "name": null, "namealt": null, "namealtt": null, "routeraw": null, "question": 0, "length_km": 19, "toll": 0, "ne_part": "global_basic", "label": null, "label2": null, "local": null, "localtype": null, "localalt": null, "labelrank": 0, "ignore": 0, "add": 0, "rwdb_rd_id": 29089, "orig_fid": 11538, "prefix": null, "uident": 0, "continent": "Asia", "expressway": 0, "level": null, "min_zoom": 7.7, "min_label": 10.2}, "bbox": [102.80032, 36.812998, 102.961172, 36.866616], "geometry": {"type": "LineString", "coordinates": [[102.961172, 36.812998], [102.948799, 36.821247], [102.919928, 36.845994], [102.899306, 36.858367], [102.874559, 36.866616], [102.845688, 36.866616], [102.812693, 36.858367], [102.80032, 36.858367]]}}, {"type": "Feature", "properties": {"scalerank": 10, "featurecla": "Road", "type": "Unknown", "sov_a3": null, "note": null, "edited": "New in version 2.0.0", "name": null, "namealt": null, "namealtt": null, "routeraw": null, "question": 0, "length_km": 45, "toll": 0, "ne_part": "global_basic", "label": null, "label2": null, "local": null, "localtype": null, "localalt": null, "labelrank": 0, "ignore": 0, "add": 0, "rwdb_rd_id": 29100, "orig_fid": 11544, "prefix": null, "uident": 0, "continent": "Asia", "expressway": 0, "level": null, "min_zoom": 7.7, "min_label": 10.2}, "bbox": [99.071842, 36.808874, 99.278063, 37.171823], "geometry": {"type": "LineString", "coordinates": [[99.071842, 36.808874], [99.108962, 36.850118], [99.133708, 36.854243], [99.150206, 36.87074], [99.174953, 36.878989], [99.195575, 36.899611], [99.207948, 36.920233], [99.212072, 36.940855], [99.207948, 36.965602], [99.22857, 36.9821], [99.240943, 37.002722], [99.269814, 37.068713], [99.278063, 37.097584], [99.261566, 37.142952], [99.273939, 37.171823]]}}, {"type": "Feature", "properties": {"scalerank": 5, "featurecla": "Road", "type": "Unknown", "sov_a3": null, "note": null, "edited": "New in version 2.0.0", "name": null, "namealt": null, "namealtt": null, "routeraw": null, "question": 0, "length_km": 17, "toll": 0, "ne_part": "global_basic", "label": null, "label2": null, "local": null, "localtype": null, "localalt": null, "labelrank": 0, "ignore": 0, "add": 0, "rwdb_rd_id": 29101, "orig_fid": 11545, "prefix": null, "uident": 0, "continent": "Asia", "expressway": 0, "level": null, "min_zoom": 5, "min_label": 8}, "bbox": [98.927487, 36.808874, 99.071842, 36.858367], "geometry": {"type": "LineString", "coordinates": [[98.927487, 36.858367], [98.997602, 36.854243], [99.0141, 36.850118], [99.063593, 36.821247], [99.071842, 36.808874]]}}, {"type": "Feature", "properties": {"scalerank": 3, "featurecla": "Road", "type": "Major Highway", "sov_a3": null, "note": null, "edited": "New in version 2.0.0", "name": null, "namealt": null, "namealtt": null, "routeraw": null, "question": 0, "length_km": 13, "toll": 0, "ne_part": "global_basic", "label": null, "label2": null, "local": null, "localtype": null, "localalt": null, "labelrank": 0, "ignore": 0, "add": 0, "rwdb_rd_id": 29119, "orig_fid": 11557, "prefix": null, "uident": 0, "continent": "Asia", "expressway": 1, "level": null, "min_zoom": 3, "min_label": 6}, "bbox": [103.130274, 36.800625, 103.204513, 36.891362], "geometry": {"type": "LineString", "coordinates": [[103.204513, 36.800625], [103.200389, 36.821247], [103.146771, 36.850118], [103.130274, 36.87074], [103.130274, 36.891362]]}}, {"type": "Feature", "properties": {"scalerank": 9, "featurecla": "Road", "type": "Unknown", "sov_a3": null, "note": null, "edited": "New in version 2.0.0", "name": null, "namealt": null, "namealtt": null, "routeraw": null, "question": 0, "length_km": 20, "toll": 0, "ne_part": "global_basic", "label": null, "label2": null, "local": null, "localtype": null, "localalt": null, "labelrank": 0, "ignore": 0, "add": 0, "rwdb_rd_id": 29121, "orig_fid": 11558, "prefix": null, "uident": 0, "continent": "Asia", "expressway": 0, "level": null, "min_zoom": 7.6, "min_label": 10.1}, "bbox": [102.581725, 36.796501, 102.72608, 36.928482], "geometry": {"type": "LineString", "coordinates": [[102.72608, 36.796501], [102.701334, 36.812998], [102.672463, 36.83362], [102.631218, 36.878989], [102.614721, 36.903736], [102.602348, 36.916109], [102.581725, 36.928482]]}}, {"type": "Feature", "properties": {"scalerank": 10, "featurecla": "Road", "type": "Unknown", "sov_a3": null, "note": null, "edited": "New in version 2.0.0", "name": null, "namealt": null, "namealtt": null, "routeraw": null, "question": 0, "length_km": 42, "toll": 0, "ne_part": "global_basic", "label": null, "label2": null, "local": null, "localtype": null, "localalt": null, "labelrank": 0, "ignore": 0, "add": 0, "rwdb_rd_id": 29146, "orig_fid": 11576, "prefix": null, "uident": 0, "continent": "Asia", "expressway": 0, "level": null, "min_zoom": 7.7, "min_label": 10.2}, "bbox": [98.077856, 36.780003, 98.383064, 36.940855], "geometry": {"type": "LineString", "coordinates": [[98.077856, 36.780003], [98.086105, 36.784127], [98.123225, 36.796501], [98.185091, 36.808874], [98.255206, 36.837745], [98.275829, 36.850118], [98.3047, 36.858367], [98.350068, 36.850118], [98.366566, 36.858367], [98.378939, 36.87074], [98.383064, 36.895487], [98.378939, 36.90786], [98.378939, 36.940855]]}}, {"type": "Feature", "properties": {"scalerank": 9, "featurecla": "Road", "type": "Unknown", "sov_a3": null, "note": null, "edited": "New in version 2.0.0", "name": null, "namealt": null, "namealtt": null, "routeraw": null, "question": 0, "length_km": 37, "toll": 0, "ne_part": "global_basic", "label": null, "label2": null, "local": null, "localtype": null, "localalt": null, "labelrank": 0, "ignore": 0, "add": 0, "rwdb_rd_id": 29201, "orig_fid": 11612, "prefix": null, "uident": 0, "continent": "Asia", "expressway": 0, "level": null, "min_zoom": 7.6, "min_label": 10.1}, "bbox": [99.587395, 36.747008, 99.760621, 37.027468], "geometry": {"type": "LineString", "coordinates": [[99.760621, 36.747008], [99.760621, 36.763505], [99.748247, 36.784127], [99.715252, 36.821247], [99.669883, 36.845994], [99.653386, 36.858367], [99.595644, 36.911985], [99.587395, 36.928482], [99.587395, 36.940855], [99.612141, 36.986224], [99.645137, 37.019219], [99.645137, 37.027468]]}}, {"type": "Feature", "properties": {"scalerank": 10, "featurecla": "Road", "type": "Unknown", "sov_a3": null, "note": null, "edited": "New in version 2.0.0", "name": null, "namealt": null, "namealtt": null, "routeraw": null, "question": 0, "length_km": 5, "toll": 0, "ne_part": "global_basic", "label": null, "label2": null, "local": null, "localtype": null, "localalt": null, "labelrank": 0, "ignore": 0, "add": 0, "rwdb_rd_id": 29228, "orig_fid": 11632, "prefix": null, "uident": 0, "continent": "Asia", "expressway": 0, "level": null, "min_zoom": 7.7, "min_label": 10.2}, "bbox": [98.077856, 36.734634, 98.098478, 36.780003], "geometry": {"type": "LineString", "coordinates": [[98.098478, 36.734634], [98.098478, 36.751132], [98.077856, 36.780003]]}}, {"type": "Feature", "properties": {"scalerank": 3, "featurecla": "Road", "type": "Road", "sov_a3": null, "note": null, "edited": "New in version 2.0.0", "name": null, "namealt": null, "namealtt": null, "routeraw": null, "question": 0, "length_km": 22, "toll": 0, "ne_part": "global_basic", "label": null, "label2": null, "local": null, "localtype": null, "localalt": null, "labelrank": 0, "ignore": 0, "add": 0, "rwdb_rd_id": 29258, "orig_fid": 11651, "prefix": null, "uident": 0, "continent": "Asia", "expressway": 0, "level": null, "min_zoom": 3, "min_label": 6}, "bbox": [98.890368, 36.718137, 99.071842, 36.808874], "geometry": {"type": "LineString", "coordinates": [[98.890368, 36.722261], [98.906865, 36.718137], [98.943985, 36.726386], [98.993478, 36.747008], [99.055344, 36.788252], [99.071842, 36.808874]]}}, {"type": "Feature", "properties": {"scalerank": 9, "featurecla": "Road", "type": "Unknown", "sov_a3": null, "note": null, "edited": "New in version 2.0.0", "name": null, "namealt": null, "namealtt": null, "routeraw": null, "question": 0, "length_km": 23, "toll": 0, "ne_part": "global_basic", "label": null, "label2": null, "local": null, "localtype": null, "localalt": null, "labelrank": 0, "ignore": 0, "add": 0, "rwdb_rd_id": 29336, "orig_fid": 11705, "prefix": null, "uident": 0, "continent": "Asia", "expressway": 0, "level": null, "min_zoom": 7.6, "min_label": 10.1}, "bbox": [103.05191, 36.676892, 103.204513, 36.800625], "geometry": {"type": "LineString", "coordinates": [[103.05191, 36.676892], [103.060158, 36.685141], [103.084905, 36.722261], [103.113776, 36.742883], [103.159145, 36.751132], [103.167393, 36.755256], [103.159145, 36.775879], [103.183891, 36.796501], [103.204513, 36.800625]]}}, {"type": "Feature", "properties": {"scalerank": 10, "featurecla": "Road", "type": "Unknown", "sov_a3": null, "note": null, "edited": "New in version 2.0.0", "name": null, "namealt": null, "namealtt": null, "routeraw": null, "question": 0, "length_km": 21, "toll": 0, "ne_part": "global_basic", "label": null, "label2": null, "local": null, "localtype": null, "localalt": null, "labelrank": 0, "ignore": 0, "add": 0, "rwdb_rd_id": 29337, "orig_fid": 11706, "prefix": null, "uident": 0, "continent": "Asia", "expressway": 0, "level": null, "min_zoom": 7.7, "min_label": 10.2}, "bbox": [102.948799, 36.676892, 103.05191, 36.812998], "geometry": {"type": "LineString", "coordinates": [[103.05191, 36.676892], [103.043661, 36.685141], [103.043661, 36.714012], [103.039536, 36.726386], [102.994168, 36.742883], [102.97767, 36.755256], [102.948799, 36.751132], [102.961172, 36.812998]]}}, {"type": "Feature", "properties": {"scalerank": 9, "featurecla": "Road", "type": "Unknown", "sov_a3": null, "note": null, "edited": "New in version 2.0.0", "name": null, "namealt": null, "namealtt": null, "routeraw": null, "question": 0, "length_km": 35, "toll": 0, "ne_part": "global_basic", "label": null, "label2": null, "local": null, "localtype": null, "localalt": null, "labelrank": 0, "ignore": 0, "add": 0, "rwdb_rd_id": 29362, "orig_fid": 11724, "prefix": null, "uident": 0, "continent": "Asia", "expressway": 0, "level": null, "min_zoom": 7.6, "min_label": 10.1}, "bbox": [101.006196, 36.664519, 101.266035, 36.866616], "geometry": {"type": "LineString", "coordinates": [[101.266035, 36.664519], [101.26191, 36.668644], [101.208293, 36.685141], [101.150551, 36.718137], [101.12168, 36.738759], [101.063938, 36.796501], [101.026818, 36.854243], [101.006196, 36.866616]]}}, {"type": "Feature", "properties": {"scalerank": 3, "featurecla": "Road", "type": "Road", "sov_a3": null, "note": null, "edited": "New in version 2.0.0", "name": null, "namealt": null, "namealtt": null, "routeraw": null, "question": 0, "length_km": 84, "toll": 0, "ne_part": "global_basic", "label": null, "label2": null, "local": null, "localtype": null, "localalt": null, "labelrank": 0, "ignore": 0, "add": 0, "rwdb_rd_id": 29370, "orig_fid": 11728, "prefix": null, "uident": 0, "continent": "Asia", "expressway": 0, "level": null, "min_zoom": 3, "min_label": 6}, "bbox": [99.071842, 36.660395, 99.760621, 36.808874], "geometry": {"type": "LineString", "coordinates": [[99.071842, 36.808874], [99.121335, 36.796501], [99.170828, 36.780003], [99.212072, 36.759381], [99.245068, 36.734634], [99.298685, 36.722261], [99.327556, 36.705763], [99.344054, 36.681017], [99.372925, 36.664519], [99.393547, 36.660395], [99.426542, 36.681017], [99.434791, 36.69339], [99.471911, 36.714012], [99.492533, 36.722261], [99.566773, 36.722261], [99.587395, 36.734634], [99.603893, 36.751132], [99.62039, 36.771754], [99.649261, 36.784127], [99.661634, 36.792376], [99.690505, 36.792376], [99.719376, 36.780003], [99.760621, 36.747008]]}}, {"type": "Feature", "properties": {"scalerank": 9, "featurecla": "Road", "type": "Unknown", "sov_a3": null, "note": null, "edited": "New in version 2.0.0", "name": null, "namealt": null, "namealtt": null, "routeraw": null, "question": 0, "length_km": 60, "toll": 0, "ne_part": "global_basic", "label": null, "label2": null, "local": null, "localtype": null, "localalt": null, "labelrank": 0, "ignore": 0, "add": 0, "rwdb_rd_id": 29390, "orig_fid": 11744, "prefix": null, "uident": 0, "continent": "Asia", "expressway": 0, "level": null, "min_zoom": 7.6, "min_label": 10.1}, "bbox": [101.129929, 36.648021, 101.554744, 37.002722], "geometry": {"type": "LineString", "coordinates": [[101.129929, 37.002722], [101.146426, 36.998597], [101.167049, 36.973851], [101.212417, 36.953229], [101.249537, 36.916109], [101.266035, 36.90786], [101.315528, 36.895487], [101.332025, 36.887238], [101.369145, 36.854243], [101.43926, 36.817123], [101.501127, 36.759381], [101.501127, 36.759381], [101.534122, 36.718137], [101.554744, 36.69339], [101.554744, 36.685141], [101.546495, 36.652146], [101.542371, 36.648021]]}}, {"type": "Feature", "properties": {"scalerank": 3, "featurecla": "Road", "type": "Road", "sov_a3": null, "note": null, "edited": "New in version 2.0.0", "name": null, "namealt": null, "namealtt": null, "routeraw": null, "question": 0, "length_km": 31, "toll": 0, "ne_part": "global_basic", "label": null, "label2": null, "local": null, "localtype": null, "localalt": null, "labelrank": 0, "ignore": 0, "add": 0, "rwdb_rd_id": 29391, "orig_fid": 11745, "prefix": null, "uident": 0, "continent": "Asia", "expressway": 0, "level": null, "min_zoom": 3, "min_label": 6}, "bbox": [101.266035, 36.648021, 101.542371, 36.681017], "geometry": {"type": "LineString", "coordinates": [[101.542371, 36.648021], [101.497002, 36.65627], [101.472256, 36.664519], [101.410389, 36.681017], [101.352648, 36.681017], [101.286657, 36.672768], [101.266035, 36.664519]]}}, {"type": "Feature", "properties": {"scalerank": 3, "featurecla": "Road", "type": "Road", "sov_a3": null, "note": null, "edited": "New in version 2.0.0", "name": null, "namealt": null, "namealtt": null, "routeraw": null, "question": 0, "length_km": 127, "toll": 0, "ne_part": "global_basic", "label": null, "label2": null, "local": null, "localtype": null, "localalt": null, "labelrank": 0, "ignore": 0, "add": 0, "rwdb_rd_id": 29433, "orig_fid": 11772, "prefix": null, "uident": 0, "continent": "Asia", "expressway": 0, "level": null, "min_zoom": 3, "min_label": 6}, "bbox": [95.034033, 36.619151, 95.508341, 37.707998], "geometry": {"type": "LineString", "coordinates": [[95.335116, 37.707998], [95.343364, 37.695625], [95.351613, 37.666754], [95.355738, 37.642007], [95.372235, 37.592514], [95.396982, 37.555394], [95.41348, 37.505901], [95.434102, 37.464657], [95.446475, 37.448159], [95.487719, 37.369795], [95.500092, 37.340924], [95.508341, 37.303805], [95.504217, 37.26256], [95.495968, 37.221316], [95.47947, 37.175948], [95.458848, 37.130579], [95.454724, 37.101708], [95.434102, 37.056339], [95.425853, 37.052215], [95.409355, 37.019219], [95.392857, 36.9821], [95.388733, 36.949104], [95.380484, 36.928482], [95.347489, 36.878989], [95.335116, 36.837745], [95.314493, 36.817123], [95.281498, 36.792376], [95.240254, 36.771754], [95.194885, 36.755256], [95.137143, 36.726386], [95.112397, 36.709888], [95.079401, 36.681017], [95.034033, 36.619151]]}}, {"type": "Feature", "properties": {"scalerank": 4, "featurecla": "Road", "type": "Road", "sov_a3": null, "note": null, "edited": "New in version 2.0.0", "name": null, "namealt": null, "namealtt": null, "routeraw": null, "question": 0, "length_km": 82, "toll": 0, "ne_part": "global_basic", "label": null, "label2": null, "local": null, "localtype": null, "localalt": null, "labelrank": 0, "ignore": 0, "add": 0, "rwdb_rd_id": 29451, "orig_fid": 11785, "prefix": null, "uident": 0, "continent": "Asia", "expressway": 0, "level": null, "min_zoom": 4, "min_label": 7}, "bbox": [101.464007, 36.606777, 101.798085, 37.254312], "geometry": {"type": "LineString", "coordinates": [[101.756841, 36.606777], [101.760965, 36.623275], [101.756841, 36.652146], [101.760965, 36.697515], [101.785712, 36.705763], [101.793961, 36.718137], [101.798085, 36.771754], [101.793961, 36.80475], [101.773339, 36.845994], [101.752717, 36.883114], [101.711472, 36.924358], [101.711472, 36.936731], [101.699099, 36.94498], [101.678477, 36.961478], [101.624859, 37.002722], [101.595988, 37.023344], [101.562993, 37.039842], [101.562993, 37.052215], [101.583615, 37.064588], [101.591864, 37.08521], [101.575366, 37.114081], [101.554744, 37.175948], [101.538247, 37.204818], [101.517624, 37.225441], [101.464007, 37.254312]]}}, {"type": "Feature", "properties": {"scalerank": 3, "featurecla": "Road", "type": "Road", "sov_a3": null, "note": null, "edited": "New in version 2.0.0", "name": null, "namealt": null, "namealtt": null, "routeraw": null, "question": 0, "length_km": 24, "toll": 0, "ne_part": "global_basic", "label": null, "label2": null, "local": null, "localtype": null, "localalt": null, "labelrank": 0, "ignore": 0, "add": 0, "rwdb_rd_id": 29452, "orig_fid": 11786, "prefix": null, "uident": 0, "continent": "Asia", "expressway": 0, "level": null, "min_zoom": 3, "min_label": 6}, "bbox": [101.542371, 36.606777, 101.756841, 36.648021], "geometry": {"type": "LineString", "coordinates": [[101.756841, 36.606777], [101.72797, 36.623275], [101.694975, 36.635648], [101.649606, 36.648021], [101.542371, 36.648021]]}}, {"type": "Feature", "properties": {"scalerank": 9, "featurecla": "Road", "type": "Unknown", "sov_a3": null, "note": null, "edited": "New in version 2.0.0", "name": null, "namealt": null, "namealtt": null, "routeraw": null, "question": 0, "length_km": 29, "toll": 0, "ne_part": "global_basic", "label": null, "label2": null, "local": null, "localtype": null, "localalt": null, "labelrank": 0, "ignore": 0, "add": 0, "rwdb_rd_id": 29542, "orig_fid": 11849, "prefix": null, "uident": 0, "continent": "Asia", "expressway": 0, "level": null, "min_zoom": 7.6, "min_label": 10.1}, "bbox": [103.654075, 36.544911, 103.691195, 36.854243], "geometry": {"type": "LineString", "coordinates": [[103.678822, 36.854243], [103.670573, 36.808874], [103.662324, 36.788252], [103.654075, 36.722261], [103.6582, 36.668644], [103.674697, 36.610902], [103.682946, 36.59028], [103.691195, 36.544911]]}}, {"type": "Feature", "properties": {"scalerank": 9, "featurecla": "Road", "type": "Unknown", "sov_a3": null, "note": null, "edited": "New in version 2.0.0", "name": null, "namealt": null, "namealtt": null, "routeraw": null, "question": 0, "length_km": 83, "toll": 0, "ne_part": "global_basic", "label": null, "label2": null, "local": null, "localtype": null, "localalt": null, "labelrank": 0, "ignore": 0, "add": 0, "rwdb_rd_id": 29562, "orig_fid": 11865, "prefix": null, "uident": 0, "continent": "Asia", "expressway": 0, "level": null, "min_zoom": 7.6, "min_label": 10.1}, "bbox": [101.855827, 36.536662, 102.367255, 37.052215], "geometry": {"type": "LineString", "coordinates": [[101.855827, 36.536662], [101.884698, 36.586155], [101.892947, 36.602653], [101.901196, 36.664519], [101.90532, 36.722261], [101.925942, 36.784127], [101.930067, 36.792376], [101.94244, 36.829496], [101.958938, 36.845994], [101.963062, 36.862491], [101.97956, 36.866616], [102.008431, 36.883114], [102.057924, 36.924358], [102.074421, 36.936731], [102.099168, 36.990349], [102.11979, 37.015095], [102.140412, 37.019219], [102.177532, 37.019219], [102.202279, 37.023344], [102.251772, 37.04809], [102.264145, 37.04809], [102.309514, 37.039842], [102.359007, 37.052215], [102.367255, 37.052215]]}}, {"type": "Feature", "properties": {"scalerank": 3, "featurecla": "Road", "type": "Major Highway", "sov_a3": null, "note": null, "edited": "New in version 2.0.0", "name": null, "namealt": null, "namealtt": null, "routeraw": null, "question": 0, "length_km": 13, "toll": 0, "ne_part": "global_basic", "label": null, "label2": null, "local": null, "localtype": null, "localalt": null, "labelrank": 0, "ignore": 0, "add": 0, "rwdb_rd_id": 29563, "orig_fid": 11866, "prefix": null, "uident": 0, "continent": "Asia", "expressway": 1, "level": null, "min_zoom": 3, "min_label": 6}, "bbox": [101.756841, 36.536662, 101.855827, 36.606777], "geometry": {"type": "LineString", "coordinates": [[101.855827, 36.536662], [101.798085, 36.582031], [101.756841, 36.606777]]}}, {"type": "Feature", "properties": {"scalerank": 9, "featurecla": "Road", "type": "Unknown", "sov_a3": null, "note": null, "edited": "New in version 2.0.0", "name": null, "namealt": null, "namealtt": null, "routeraw": null, "question": 0, "length_km": 22, "toll": 0, "ne_part": "global_basic", "label": null, "label2": null, "local": null, "localtype": null, "localalt": null, "labelrank": 0, "ignore": 0, "add": 0, "rwdb_rd_id": 29580, "orig_fid": 11880, "prefix": null, "uident": 0, "continent": "Asia", "expressway": 0, "level": null, "min_zoom": 7.6, "min_label": 10.1}, "bbox": [102.899306, 36.524289, 103.05191, 36.676892], "geometry": {"type": "LineString", "coordinates": [[102.899306, 36.524289], [102.928177, 36.544911], [102.952923, 36.565533], [102.990043, 36.610902], [103.043661, 36.664519], [103.05191, 36.676892]]}}, {"type": "Feature", "properties": {"scalerank": 9, "featurecla": "Road", "type": "Unknown", "sov_a3": null, "note": null, "edited": "New in version 2.0.0", "name": null, "namealt": null, "namealtt": null, "routeraw": null, "question": 0, "length_km": 32, "toll": 0, "ne_part": "global_basic", "label": null, "label2": null, "local": null, "localtype": null, "localalt": null, "labelrank": 0, "ignore": 0, "add": 0, "rwdb_rd_id": 29581, "orig_fid": 11881, "prefix": null, "uident": 0, "continent": "Asia", "expressway": 0, "level": null, "min_zoom": 7.6, "min_label": 10.1}, "bbox": [102.72608, 36.524289, 102.899306, 36.796501], "geometry": {"type": "LineString", "coordinates": [[102.899306, 36.524289], [102.878684, 36.557284], [102.849813, 36.598528], [102.829191, 36.619151], [102.808569, 36.65627], [102.80032, 36.685141], [102.787947, 36.697515], [102.787947, 36.714012], [102.771449, 36.742883], [102.750827, 36.775879], [102.72608, 36.796501]]}}, {"type": "Feature", "properties": {"scalerank": 6, "featurecla": "Road", "type": "Unknown", "sov_a3": null, "note": null, "edited": "New in version 2.0.0", "name": null, "namealt": null, "namealtt": null, "routeraw": null, "question": 0, "length_km": 19, "toll": 0, "ne_part": "global_basic", "label": null, "label2": null, "local": null, "localtype": null, "localalt": null, "labelrank": 0, "ignore": 0, "add": 0, "rwdb_rd_id": 29620, "orig_fid": 11911, "prefix": null, "uident": 0, "continent": "Asia", "expressway": 0, "level": null, "min_zoom": 6, "min_label": 8.5}, "bbox": [101.628984, 36.487169, 101.756841, 36.606777], "geometry": {"type": "LineString", "coordinates": [[101.628984, 36.487169], [101.645482, 36.51604], [101.666104, 36.528413], [101.703223, 36.540787], [101.732094, 36.55316], [101.748592, 36.569657], [101.756841, 36.606777]]}}, {"type": "Feature", "properties": {"scalerank": 10, "featurecla": "Road", "type": "Unknown", "sov_a3": null, "note": null, "edited": "New in version 2.0.0", "name": null, "namealt": null, "namealtt": null, "routeraw": null, "question": 0, "length_km": 6, "toll": 0, "ne_part": "global_basic", "label": null, "label2": null, "local": null, "localtype": null, "localalt": null, "labelrank": 0, "ignore": 0, "add": 0, "rwdb_rd_id": 29622, "orig_fid": 11913, "prefix": null, "uident": 0, "continent": "Asia", "expressway": 0, "level": null, "min_zoom": 7.7, "min_label": 10.2}, "bbox": [101.575366, 36.487169, 101.628984, 36.495418], "geometry": {"type": "LineString", "coordinates": [[101.575366, 36.495418], [101.600113, 36.487169], [101.628984, 36.487169]]}}, {"type": "Feature", "properties": {"scalerank": 9, "featurecla": "Road", "type": "Unknown", "sov_a3": null, "note": null, "edited": "New in version 2.0.0", "name": null, "namealt": null, "namealtt": null, "routeraw": null, "question": 0, "length_km": 15, "toll": 0, "ne_part": "global_basic", "label": null, "label2": null, "local": null, "localtype": null, "localalt": null, "labelrank": 0, "ignore": 0, "add": 0, "rwdb_rd_id": 29629, "orig_fid": 11919, "prefix": null, "uident": 0, "continent": "Asia", "expressway": 0, "level": null, "min_zoom": 7.6, "min_label": 10.1}, "bbox": [103.588084, 36.483045, 103.691195, 36.544911], "geometry": {"type": "LineString", "coordinates": [[103.691195, 36.544911], [103.666448, 36.540787], [103.654075, 36.528413], [103.649951, 36.495418], [103.633453, 36.487169], [103.588084, 36.483045]]}}, {"type": "Feature", "properties": {"scalerank": 3, "featurecla": "Road", "type": "Major Highway", "sov_a3": null, "note": null, "edited": "New in version 2.0.0", "name": null, "namealt": null, "namealtt": null, "routeraw": null, "question": 0, "length_km": 24, "toll": 0, "ne_part": "global_basic", "label": null, "label2": null, "local": null, "localtype": null, "localalt": null, "labelrank": 0, "ignore": 0, "add": 0, "rwdb_rd_id": 29636, "orig_fid": 11922, "prefix": null, "uident": 0, "continent": "Asia", "expressway": 1, "level": null, "min_zoom": 3, "min_label": 6}, "bbox": [101.855827, 36.474796, 102.062048, 36.536662], "geometry": {"type": "LineString", "coordinates": [[102.062048, 36.474796], [102.041426, 36.47892], [101.987809, 36.499542], [101.963062, 36.503667], [101.930067, 36.51604], [101.888822, 36.520164], [101.855827, 36.536662]]}}, {"type": "Feature", "properties": {"scalerank": 3, "featurecla": "Road", "type": "Major Highway", "sov_a3": null, "note": null, "edited": "New in version 2.0.0", "name": null, "namealt": null, "namealtt": null, "routeraw": null, "question": 0, "length_km": 39, "toll": 0, "ne_part": "global_basic", "label": null, "label2": null, "local": null, "localtype": null, "localalt": null, "labelrank": 0, "ignore": 0, "add": 0, "rwdb_rd_id": 29645, "orig_fid": 11929, "prefix": null, "uident": 0, "continent": "Asia", "expressway": 1, "level": null, "min_zoom": 3, "min_label": 6}, "bbox": [103.204513, 36.470671, 103.418983, 36.800625], "geometry": {"type": "LineString", "coordinates": [[103.418983, 36.470671], [103.402485, 36.503667], [103.381863, 36.51604], [103.36949, 36.528413], [103.344744, 36.569657], [103.291126, 36.643897], [103.262255, 36.676892], [103.237509, 36.709888], [103.212762, 36.755256], [103.204513, 36.800625]]}}, {"type": "Feature", "properties": {"scalerank": 3, "featurecla": "Road", "type": "Road", "sov_a3": null, "note": null, "edited": "New in version 2.0.0", "name": null, "namealt": null, "namealtt": null, "routeraw": null, "question": 0, "length_km": 26, "toll": 0, "ne_part": "global_basic", "label": null, "label2": null, "local": null, "localtype": null, "localalt": null, "labelrank": 0, "ignore": 0, "add": 0, "rwdb_rd_id": 29670, "orig_fid": 11943, "prefix": null, "uident": 0, "continent": "Asia", "expressway": 0, "level": null, "min_zoom": 3, "min_label": 6}, "bbox": [101.129929, 36.454174, 101.266035, 36.664519], "geometry": {"type": "LineString", "coordinates": [[101.129929, 36.454174], [101.134053, 36.47892], [101.134053, 36.51604], [101.142302, 36.528413], [101.179422, 36.557284], [101.212417, 36.573782], [101.245413, 36.623275], [101.26191, 36.652146], [101.266035, 36.664519]]}}, {"type": "Feature", "properties": {"scalerank": 9, "featurecla": "Road", "type": "Unknown", "sov_a3": null, "note": null, "edited": "New in version 2.0.0", "name": null, "namealt": null, "namealtt": null, "routeraw": null, "question": 0, "length_km": 20, "toll": 0, "ne_part": "global_basic", "label": null, "label2": null, "local": null, "localtype": null, "localalt": null, "labelrank": 0, "ignore": 0, "add": 0, "rwdb_rd_id": 29672, "orig_fid": 11945, "prefix": null, "uident": 0, "continent": "Asia", "expressway": 0, "level": null, "min_zoom": 7.6, "min_label": 10.1}, "bbox": [103.418983, 36.454174, 103.588084, 36.483045], "geometry": {"type": "LineString", "coordinates": [[103.588084, 36.483045], [103.575711, 36.474796], [103.563338, 36.454174], [103.534467, 36.458298], [103.522094, 36.466547], [103.468476, 36.466547], [103.418983, 36.470671]]}}, {"type": "Feature", "properties": {"scalerank": 3, "featurecla": "Road", "type": "Road", "sov_a3": null, "note": null, "edited": "New in version 2.0.0", "name": null, "namealt": null, "namealtt": null, "routeraw": null, "question": 0, "length_km": 23, "toll": 0, "ne_part": "global_basic", "label": null, "label2": null, "local": null, "localtype": null, "localalt": null, "labelrank": 0, "ignore": 0, "add": 0, "rwdb_rd_id": 29710, "orig_fid": 11970, "prefix": null, "uident": 0, "continent": "Asia", "expressway": 0, "level": null, "min_zoom": 3, "min_label": 6}, "bbox": [94.897927, 36.425303, 95.034033, 36.619151], "geometry": {"type": "LineString", "coordinates": [[95.034033, 36.619151], [95.005162, 36.573782], [94.996913, 36.549035], [94.963918, 36.511916], [94.922673, 36.470671], [94.906176, 36.450049], [94.897927, 36.425303]]}}, {"type": "Feature", "properties": {"scalerank": 10, "featurecla": "Road", "type": "Unknown", "sov_a3": null, "note": null, "edited": "New in version 2.0.0", "name": null, "namealt": null, "namealtt": null, "routeraw": null, "question": 0, "length_km": 52, "toll": 0, "ne_part": "global_basic", "label": null, "label2": null, "local": null, "localtype": null, "localalt": null, "labelrank": 0, "ignore": 0, "add": 0, "rwdb_rd_id": 29729, "orig_fid": 11984, "prefix": null, "uident": 0, "continent": "Asia", "expressway": 0, "level": null, "min_zoom": 7.7, "min_label": 10.2}, "bbox": [97.929377, 36.404681, 98.102603, 36.734634], "geometry": {"type": "LineString", "coordinates": [[98.094354, 36.404681], [98.081981, 36.425303], [98.073732, 36.458298], [98.044861, 36.47892], [98.003617, 36.536662], [97.982995, 36.573782], [97.966497, 36.602653], [97.954124, 36.627399], [97.929377, 36.660395], [97.929377, 36.672768], [97.954124, 36.69339], [97.987119, 36.705763], [98.020114, 36.726386], [98.05311, 36.73051], [98.102603, 36.73051], [98.098478, 36.734634]]}}, {"type": "Feature", "properties": {"scalerank": 3, "featurecla": "Road", "type": "Road", "sov_a3": null, "note": null, "edited": "New in version 2.0.0", "name": null, "namealt": null, "namealtt": null, "routeraw": null, "question": 0, "length_km": 102, "toll": 0, "ne_part": "global_basic", "label": null, "label2": null, "local": null, "localtype": null, "localalt": null, "labelrank": 0, "ignore": 0, "add": 0, "rwdb_rd_id": 29730, "orig_fid": 11985, "prefix": null, "uident": 0, "continent": "Asia", "expressway": 0, "level": null, "min_zoom": 3, "min_label": 6}, "bbox": [98.094354, 36.404681, 98.890368, 36.722261], "geometry": {"type": "LineString", "coordinates": [[98.094354, 36.404681], [98.114976, 36.404681], [98.152096, 36.412929], [98.185091, 36.433552], [98.259331, 36.462422], [98.292326, 36.466547], [98.354193, 36.462422], [98.416059, 36.454174], [98.457303, 36.450049], [98.494423, 36.445925], [98.51917, 36.445925], [98.54804, 36.437676], [98.572787, 36.433552], [98.609907, 36.4418], [98.62228, 36.454174], [98.62228, 36.483045], [98.626404, 36.511916], [98.642902, 36.528413], [98.671773, 36.549035], [98.700644, 36.561409], [98.721266, 36.573782], [98.76251, 36.619151], [98.774884, 36.648021], [98.787257, 36.681017], [98.79963, 36.697515], [98.816128, 36.705763], [98.865621, 36.718137], [98.890368, 36.722261]]}}, {"type": "Feature", "properties": {"scalerank": 6, "featurecla": "Road", "type": "Unknown", "sov_a3": null, "note": null, "edited": "New in version 2.0.0", "name": null, "namealt": null, "namealtt": null, "routeraw": null, "question": 0, "length_km": 210, "toll": 0, "ne_part": "global_basic", "label": null, "label2": null, "local": null, "localtype": null, "localalt": null, "labelrank": 0, "ignore": 0, "add": 0, "rwdb_rd_id": 29736, "orig_fid": 11988, "prefix": null, "uident": 0, "continent": "Asia", "expressway": 0, "level": null, "min_zoom": 6, "min_label": 8.5}, "bbox": [93.120301, 36.400556, 94.897927, 36.94498], "geometry": {"type": "LineString", "coordinates": [[94.897927, 36.425303], [94.852558, 36.437676], [94.778319, 36.433552], [94.753572, 36.433552], [94.716452, 36.433552], [94.687581, 36.425303], [94.613342, 36.421178], [94.551475, 36.400556], [94.501982, 36.404681], [94.456614, 36.421178], [94.407121, 36.454174], [94.279263, 36.528413], [94.250393, 36.540787], [94.217397, 36.55316], [94.118411, 36.569657], [94.085416, 36.573782], [94.048296, 36.59028], [94.019425, 36.610902], [93.91219, 36.635648], [93.846199, 36.660395], [93.821453, 36.676892], [93.817328, 36.689266], [93.767835, 36.747008], [93.730715, 36.771754], [93.705969, 36.796501], [93.656476, 36.812998], [93.631729, 36.825372], [93.598734, 36.825372], [93.578112, 36.821247], [93.561614, 36.821247], [93.540992, 36.83362], [93.532743, 36.850118], [93.512121, 36.862491], [93.491499, 36.866616], [93.462628, 36.883114], [93.442006, 36.895487], [93.400762, 36.903736], [93.330646, 36.90786], [93.256407, 36.911985], [93.223411, 36.916109], [93.198665, 36.928482], [93.165669, 36.920233], [93.149172, 36.920233], [93.12855, 36.940855], [93.120301, 36.94498]]}}, {"type": "Feature", "properties": {"scalerank": 3, "featurecla": "Road", "type": "Road", "sov_a3": null, "note": null, "edited": "New in version 2.0.0", "name": null, "namealt": null, "namealtt": null, "routeraw": null, "question": 0, "length_km": 21, "toll": 0, "ne_part": "global_basic", "label": null, "label2": null, "local": null, "localtype": null, "localalt": null, "labelrank": 0, "ignore": 0, "add": 0, "rwdb_rd_id": 29759, "orig_fid": 12002, "prefix": null, "uident": 0, "continent": "Asia", "expressway": 0, "level": null, "min_zoom": 3, "min_label": 6}, "bbox": [100.948454, 36.392307, 101.129929, 36.454174], "geometry": {"type": "LineString", "coordinates": [[100.948454, 36.392307], [100.969076, 36.392307], [101.018569, 36.404681], [101.072187, 36.429427], [101.101058, 36.437676], [101.129929, 36.454174]]}}, {"type": "Feature", "properties": {"scalerank": 3, "featurecla": "Road", "type": "Road", "sov_a3": null, "note": null, "edited": "New in version 2.0.0", "name": null, "namealt": null, "namealtt": null, "routeraw": null, "question": 0, "length_km": 139, "toll": 0, "ne_part": "global_basic", "label": null, "label2": null, "local": null, "localtype": null, "localalt": null, "labelrank": 0, "ignore": 0, "add": 0, "rwdb_rd_id": 29760, "orig_fid": 12003, "prefix": null, "uident": 0, "continent": "Asia", "expressway": 0, "level": null, "min_zoom": 3, "min_label": 6}, "bbox": [99.760621, 36.392307, 100.948454, 36.747008], "geometry": {"type": "LineString", "coordinates": [[99.760621, 36.747008], [99.781243, 36.73051], [99.79774, 36.705763], [99.830736, 36.69339], [99.896727, 36.685141], [99.917349, 36.672768], [99.962717, 36.635648], [99.987464, 36.623275], [100.193685, 36.606777], [100.243178, 36.615026], [100.292671, 36.610902], [100.350413, 36.602653], [100.366911, 36.606777], [100.428777, 36.594404], [100.527763, 36.561409], [100.581381, 36.544911], [100.643247, 36.532538], [100.667993, 36.524289], [100.696864, 36.524289], [100.787602, 36.499542], [100.816473, 36.483045], [100.849468, 36.454174], [100.903086, 36.421178], [100.948454, 36.392307]]}}, {"type": "Feature", "properties": {"scalerank": 6, "featurecla": "Road", "type": "Unknown", "sov_a3": null, "note": null, "edited": "New in version 2.0.0", "name": null, "namealt": null, "namealtt": null, "routeraw": null, "question": 0, "length_km": 25, "toll": 0, "ne_part": "global_basic", "label": null, "label2": null, "local": null, "localtype": null, "localalt": null, "labelrank": 0, "ignore": 0, "add": 0, "rwdb_rd_id": 29831, "orig_fid": 12046, "prefix": null, "uident": 0, "continent": "Asia", "expressway": 0, "level": null, "min_zoom": 6, "min_label": 8.5}, "bbox": [101.455758, 36.346939, 101.628984, 36.487169], "geometry": {"type": "LineString", "coordinates": [[101.455758, 36.346939], [101.521749, 36.367561], [101.554744, 36.392307], [101.58774, 36.408805], [101.624859, 36.450049], [101.628984, 36.487169]]}}, {"type": "Feature", "properties": {"scalerank": 6, "featurecla": "Road", "type": "Unknown", "sov_a3": null, "note": null, "edited": "New in version 2.0.0", "name": null, "namealt": null, "namealtt": null, "routeraw": null, "question": 0, "length_km": 38, "toll": 0, "ne_part": "global_basic", "label": null, "label2": null, "local": null, "localtype": null, "localalt": null, "labelrank": 0, "ignore": 0, "add": 0, "rwdb_rd_id": 29832, "orig_fid": 12047, "prefix": null, "uident": 0, "continent": "Asia", "expressway": 0, "level": null, "min_zoom": 6, "min_label": 8.5}, "bbox": [101.129929, 36.346939, 101.455758, 36.454174], "geometry": {"type": "LineString", "coordinates": [[101.129929, 36.454174], [101.19592, 36.437676], [101.228915, 36.425303], [101.253661, 36.408805], [101.282532, 36.379934], [101.327901, 36.384058], [101.360896, 36.37581], [101.410389, 36.359312], [101.455758, 36.346939]]}}, {"type": "Feature", "properties": {"scalerank": 3, "featurecla": "Road", "type": "Major Highway", "sov_a3": null, "note": null, "edited": "New in version 2.0.0", "name": null, "namealt": null, "namealtt": null, "routeraw": null, "question": 0, "length_km": 89, "toll": 0, "ne_part": "global_basic", "label": null, "label2": null, "local": null, "localtype": null, "localalt": null, "labelrank": 0, "ignore": 0, "add": 0, "rwdb_rd_id": 29836, "orig_fid": 12051, "prefix": null, "uident": 0, "continent": "Asia", "expressway": 1, "level": null, "min_zoom": 3, "min_label": 6}, "bbox": [102.062048, 36.342814, 102.804444, 36.507791], "geometry": {"type": "LineString", "coordinates": [[102.804444, 36.342814], [102.754951, 36.355188], [102.734329, 36.367561], [102.709582, 36.392307], [102.680712, 36.404681], [102.672463, 36.412929], [102.565228, 36.433552], [102.532232, 36.466547], [102.51161, 36.470671], [102.482739, 36.462422], [102.466242, 36.466547], [102.453868, 36.474796], [102.424997, 36.483045], [102.404375, 36.507791], [102.379629, 36.507791], [102.321887, 36.499542], [102.305389, 36.495418], [102.272394, 36.466547], [102.251772, 36.466547], [102.23115, 36.483045], [102.202279, 36.47892], [102.189905, 36.491293], [102.152785, 36.474796], [102.11979, 36.474796], [102.062048, 36.474796]]}}, {"type": "Feature", "properties": {"scalerank": 3, "featurecla": "Road", "type": "Major Highway", "sov_a3": null, "note": null, "edited": "New in version 2.0.0", "name": null, "namealt": null, "namealtt": null, "routeraw": null, "question": 0, "length_km": 38, "toll": 0, "ne_part": "global_basic", "label": null, "label2": null, "local": null, "localtype": null, "localalt": null, "labelrank": 0, "ignore": 0, "add": 0, "rwdb_rd_id": 29837, "orig_fid": 12052, "prefix": null, "uident": 0, "continent": "Asia", "expressway": 1, "level": null, "min_zoom": 3, "min_label": 6}, "bbox": [103.963407, 36.342814, 104.206748, 36.536662], "geometry": {"type": "LineString", "coordinates": [[103.971656, 36.342814], [103.963407, 36.371685], [103.963407, 36.384058], [103.97578, 36.417054], [103.984029, 36.429427], [104.025273, 36.462422], [104.045895, 36.466547], [104.078891, 36.466547], [104.095388, 36.470671], [104.124259, 36.487169], [104.136633, 36.499542], [104.136633, 36.528413], [104.149006, 36.536662], [104.206748, 36.532538]]}}, {"type": "Feature", "properties": {"scalerank": 9, "featurecla": "Road", "type": "Unknown", "sov_a3": null, "note": null, "edited": "New in version 2.0.0", "name": null, "namealt": null, "namealtt": null, "routeraw": null, "question": 0, "length_km": 38, "toll": 0, "ne_part": "global_basic", "label": null, "label2": null, "local": null, "localtype": null, "localalt": null, "labelrank": 0, "ignore": 0, "add": 0, "rwdb_rd_id": 29838, "orig_fid": 12053, "prefix": null, "uident": 0, "continent": "Asia", "expressway": 0, "level": null, "min_zoom": 7.6, "min_label": 10.1}, "bbox": [103.691195, 36.342814, 103.971656, 36.544911], "geometry": {"type": "LineString", "coordinates": [[103.971656, 36.342814], [103.951034, 36.342814], [103.901541, 36.363436], [103.876794, 36.388183], [103.843799, 36.404681], [103.831425, 36.412929], [103.814928, 36.4418], [103.786057, 36.470671], [103.781932, 36.483045], [103.76131, 36.511916], [103.732439, 36.520164], [103.703568, 36.532538], [103.691195, 36.544911]]}}, {"type": "Feature", "properties": {"scalerank": 9, "featurecla": "Road", "type": "Unknown", "sov_a3": null, "note": null, "edited": "New in version 2.0.0", "name": null, "namealt": null, "namealtt": null, "routeraw": null, "question": 0, "length_km": 18, "toll": 0, "ne_part": "global_basic", "label": null, "label2": null, "local": null, "localtype": null, "localalt": null, "labelrank": 0, "ignore": 0, "add": 0, "rwdb_rd_id": 29851, "orig_fid": 12063, "prefix": null, "uident": 0, "continent": "Asia", "expressway": 0, "level": null, "min_zoom": 7.6, "min_label": 10.1}, "bbox": [102.895181, 36.330441, 102.919928, 36.524289], "geometry": {"type": "LineString", "coordinates": [[102.895181, 36.330441], [102.907555, 36.384058], [102.919928, 36.421178], [102.911679, 36.462422], [102.911679, 36.499542], [102.899306, 36.524289]]}}, {"type": "Feature", "properties": {"scalerank": 3, "featurecla": "Road", "type": "Major Highway", "sov_a3": null, "note": null, "edited": "New in version 2.0.0", "name": null, "namealt": null, "namealtt": null, "routeraw": null, "question": 0, "length_km": 10, "toll": 0, "ne_part": "global_basic", "label": null, "label2": null, "local": null, "localtype": null, "localalt": null, "labelrank": 0, "ignore": 0, "add": 0, "rwdb_rd_id": 29852, "orig_fid": 12064, "prefix": null, "uident": 0, "continent": "Asia", "expressway": 1, "level": null, "min_zoom": 3, "min_label": 6}, "bbox": [102.804444, 36.330441, 102.895181, 36.342814], "geometry": {"type": "LineString", "coordinates": [[102.895181, 36.330441], [102.882808, 36.334565], [102.804444, 36.342814]]}}, {"type": "Feature", "properties": {"scalerank": 3, "featurecla": "Road", "type": "Road", "sov_a3": null, "note": null, "edited": "New in version 2.0.0", "name": null, "namealt": null, "namealtt": null, "routeraw": null, "question": 0, "length_km": 175, "toll": 0, "ne_part": "global_basic", "label": null, "label2": null, "local": null, "localtype": null, "localalt": null, "labelrank": 0, "ignore": 0, "add": 0, "rwdb_rd_id": 29880, "orig_fid": 12086, "prefix": null, "uident": 0, "continent": "Asia", "expressway": 0, "level": null, "min_zoom": 3, "min_label": 6}, "bbox": [94.897927, 36.318068, 96.456958, 36.425303], "geometry": {"type": "LineString", "coordinates": [[94.897927, 36.425303], [94.955669, 36.396432], [95.021659, 36.367561], [95.100023, 36.355188], [95.227881, 36.326317], [95.310369, 36.318068], [95.388733, 36.322192], [95.467097, 36.33869], [95.545461, 36.359312], [95.59083, 36.367561], [95.702189, 36.379934], [95.764055, 36.379934], [95.953779, 36.37581], [96.127005, 36.359312], [96.172373, 36.359312], [96.258986, 36.371685], [96.349723, 36.37581], [96.456958, 36.367561]]}}, {"type": "Feature", "properties": {"scalerank": 6, "featurecla": "Road", "type": "Unknown", "sov_a3": null, "note": null, "edited": "New in version 2.0.0", "name": null, "namealt": null, "namealtt": null, "routeraw": null, "question": 0, "length_km": 43, "toll": 0, "ne_part": "global_basic", "label": null, "label2": null, "local": null, "localtype": null, "localalt": null, "labelrank": 0, "ignore": 0, "add": 0, "rwdb_rd_id": 29940, "orig_fid": 12129, "prefix": null, "uident": 0, "continent": "Asia", "expressway": 0, "level": null, "min_zoom": 6, "min_label": 8.5}, "bbox": [100.593754, 36.26445, 100.948454, 36.392307], "geometry": {"type": "LineString", "coordinates": [[100.948454, 36.392307], [100.940205, 36.384058], [100.824722, 36.367561], [100.746358, 36.351063], [100.713362, 36.346939], [100.667993, 36.346939], [100.626749, 36.318068], [100.610252, 36.293321], [100.593754, 36.26445]]}}, {"type": "Feature", "properties": {"scalerank": 10, "featurecla": "Road", "type": "Unknown", "sov_a3": null, "note": null, "edited": "New in version 2.0.0", "name": null, "namealt": null, "namealtt": null, "routeraw": null, "question": 0, "length_km": 18, "toll": 0, "ne_part": "global_basic", "label": null, "label2": null, "local": null, "localtype": null, "localalt": null, "labelrank": 0, "ignore": 0, "add": 0, "rwdb_rd_id": 29941, "orig_fid": 12130, "prefix": null, "uident": 0, "continent": "Asia", "expressway": 0, "level": null, "min_zoom": 7.7, "min_label": 10.2}, "bbox": [100.457648, 36.26445, 100.593754, 36.342814], "geometry": {"type": "LineString", "coordinates": [[100.457648, 36.342814], [100.470021, 36.334565], [100.507141, 36.330441], [100.560759, 36.313943], [100.581381, 36.30157], [100.593754, 36.26445]]}}, {"type": "Feature", "properties": {"scalerank": 10, "featurecla": "Road", "type": "Unknown", "sov_a3": null, "note": null, "edited": "New in version 2.0.0", "name": null, "namealt": null, "namealtt": null, "routeraw": null, "question": 0, "length_km": 63, "toll": 0, "ne_part": "global_basic", "label": null, "label2": null, "local": null, "localtype": null, "localalt": null, "labelrank": 0, "ignore": 0, "add": 0, "rwdb_rd_id": 30015, "orig_fid": 12189, "prefix": null, "uident": 0, "continent": "Asia", "expressway": 0, "level": null, "min_zoom": 7.7, "min_label": 10.2}, "bbox": [99.950344, 36.198459, 100.457648, 36.371685], "geometry": {"type": "LineString", "coordinates": [[99.950344, 36.198459], [99.958593, 36.223206], [99.987464, 36.256201], [100.003962, 36.268575], [100.028708, 36.268575], [100.04933, 36.280948], [100.053455, 36.293321], [100.065828, 36.309819], [100.074077, 36.313943], [100.111196, 36.334565], [100.144192, 36.363436], [100.156565, 36.371685], [100.210183, 36.363436], [100.2638, 36.363436], [100.305044, 36.367561], [100.350413, 36.363436], [100.371035, 36.367561], [100.424653, 36.359312], [100.457648, 36.342814]]}}, {"type": "Feature", "properties": {"scalerank": 9, "featurecla": "Road", "type": "Unknown", "sov_a3": null, "note": null, "edited": "New in version 2.0.0", "name": null, "namealt": null, "namealtt": null, "routeraw": null, "question": 0, "length_km": 39, "toll": 0, "ne_part": "global_basic", "label": null, "label2": null, "local": null, "localtype": null, "localalt": null, "labelrank": 0, "ignore": 0, "add": 0, "rwdb_rd_id": 30030, "orig_fid": 12199, "prefix": null, "uident": 0, "continent": "Asia", "expressway": 0, "level": null, "min_zoom": 7.6, "min_label": 10.1}, "bbox": [101.954813, 36.194335, 102.078546, 36.474796], "geometry": {"type": "LineString", "coordinates": [[102.062048, 36.474796], [102.053799, 36.454174], [102.033177, 36.433552], [102.008431, 36.388183], [101.97956, 36.359312], [101.958938, 36.305694], [101.954813, 36.289197], [101.958938, 36.260326], [101.971311, 36.231455], [101.991933, 36.214957], [102.029053, 36.202584], [102.078546, 36.194335]]}}, {"type": "Feature", "properties": {"scalerank": 3, "featurecla": "Road", "type": "Major Highway", "sov_a3": null, "note": null, "edited": "New in version 2.0.0", "name": null, "namealt": null, "namealtt": null, "routeraw": null, "question": 0, "length_km": 29, "toll": 0, "ne_part": "global_basic", "label": null, "label2": null, "local": null, "localtype": null, "localalt": null, "labelrank": 0, "ignore": 0, "add": 0, "rwdb_rd_id": 30049, "orig_fid": 12212, "prefix": null, "uident": 0, "continent": "Asia", "expressway": 1, "level": null, "min_zoom": 3, "min_label": 6}, "bbox": [103.414859, 36.186086, 103.476725, 36.470671], "geometry": {"type": "LineString", "coordinates": [[103.418983, 36.470671], [103.414859, 36.429427], [103.423108, 36.388183], [103.447854, 36.322192], [103.460227, 36.289197], [103.451978, 36.272699], [103.44373, 36.260326], [103.44373, 36.243828], [103.468476, 36.214957], [103.476725, 36.198459], [103.476725, 36.186086]]}}, {"type": "Feature", "properties": {"scalerank": 9, "featurecla": "Road", "type": "Unknown", "sov_a3": null, "note": null, "edited": "New in version 2.0.0", "name": null, "namealt": null, "namealtt": null, "routeraw": null, "question": 0, "length_km": 30, "toll": 0, "ne_part": "global_basic", "label": null, "label2": null, "local": null, "localtype": null, "localalt": null, "labelrank": 0, "ignore": 0, "add": 0, "rwdb_rd_id": 30097, "orig_fid": 12247, "prefix": null, "uident": 0, "continent": "Asia", "expressway": 0, "level": null, "min_zoom": 7.6, "min_label": 10.1}, "bbox": [100.593754, 36.148966, 100.837095, 36.26445], "geometry": {"type": "LineString", "coordinates": [[100.593754, 36.26445], [100.610252, 36.235579], [100.651496, 36.214957], [100.680367, 36.198459], [100.717487, 36.181962], [100.76698, 36.16134], [100.816473, 36.148966], [100.837095, 36.148966]]}}, {"type": "Feature", "properties": {"scalerank": 3, "featurecla": "Road", "type": "Major Highway", "sov_a3": null, "note": null, "edited": "New in version 2.0.0", "name": null, "namealt": null, "namealtt": null, "routeraw": null, "question": 0, "length_km": 14, "toll": 0, "ne_part": "global_basic", "label": null, "label2": null, "local": null, "localtype": null, "localalt": null, "labelrank": 0, "ignore": 0, "add": 0, "rwdb_rd_id": 30126, "orig_fid": 12268, "prefix": null, "uident": 0, "continent": "Asia", "expressway": 1, "level": null, "min_zoom": 3, "min_label": 6}, "bbox": [103.365366, 36.128344, 103.476725, 36.186086], "geometry": {"type": "LineString", "coordinates": [[103.476725, 36.186086], [103.456103, 36.181962], [103.414859, 36.153091], [103.381863, 36.128344], [103.365366, 36.128344]]}}, {"type": "Feature", "properties": {"scalerank": 3, "featurecla": "Road", "type": "Major Highway", "sov_a3": null, "note": null, "edited": "New in version 2.0.0", "name": null, "namealt": null, "namealtt": null, "routeraw": null, "question": 0, "length_km": 58, "toll": 0, "ne_part": "global_basic", "label": null, "label2": null, "local": null, "localtype": null, "localalt": null, "labelrank": 0, "ignore": 0, "add": 0, "rwdb_rd_id": 30127, "orig_fid": 12269, "prefix": null, "uident": 0, "continent": "Asia", "expressway": 1, "level": null, "min_zoom": 3, "min_label": 6}, "bbox": [102.895181, 36.128344, 103.365366, 36.330441], "geometry": {"type": "LineString", "coordinates": [[103.365366, 36.128344], [103.348868, 36.153091], [103.315873, 36.173713], [103.29525, 36.177837], [103.254006, 36.181962], [103.221011, 36.177837], [103.183891, 36.190211], [103.146771, 36.219082], [103.113776, 36.235579], [103.076656, 36.243828], [103.056034, 36.260326], [103.043661, 36.280948], [103.023039, 36.297446], [103.006541, 36.297446], [102.961172, 36.289197], [102.94055, 36.30157], [102.919928, 36.318068], [102.895181, 36.330441]]}}, {"type": "Feature", "properties": {"scalerank": 3, "featurecla": "Road", "type": "Major Highway", "sov_a3": null, "note": null, "edited": "New in version 2.0.0", "name": null, "namealt": null, "namealtt": null, "routeraw": null, "question": 0, "length_km": 13, "toll": 0, "ne_part": "global_basic", "label": null, "label2": null, "local": null, "localtype": null, "localalt": null, "labelrank": 0, "ignore": 0, "add": 0, "rwdb_rd_id": 30129, "orig_fid": 12271, "prefix": null, "uident": 0, "continent": "Asia", "expressway": 1, "level": null, "min_zoom": 3, "min_label": 6}, "bbox": [103.476725, 36.12422, 103.579836, 36.186086], "geometry": {"type": "LineString", "coordinates": [[103.476725, 36.186086], [103.501472, 36.173713], [103.517969, 36.165464], [103.550965, 36.128344], [103.563338, 36.12422], [103.579836, 36.128344]]}}, {"type": "Feature", "properties": {"scalerank": 3, "featurecla": "Road", "type": "Road", "sov_a3": null, "note": null, "edited": "New in version 2.0.0", "name": null, "namealt": null, "namealtt": null, "routeraw": null, "question": 0, "length_km": 2, "toll": 0, "ne_part": "global_basic", "label": null, "label2": null, "local": null, "localtype": null, "localalt": null, "labelrank": 0, "ignore": 0, "add": 0, "rwdb_rd_id": 30148, "orig_fid": 12281, "prefix": null, "uident": 0, "continent": "Asia", "expressway": 0, "level": null, "min_zoom": 3, "min_label": 6}, "bbox": [103.579836, 36.107722, 103.592209, 36.128344], "geometry": {"type": "LineString", "coordinates": [[103.579836, 36.128344], [103.592209, 36.107722]]}}, {"type": "Feature", "properties": {"scalerank": 9, "featurecla": "Road", "type": "Unknown", "sov_a3": null, "note": null, "edited": "New in version 2.0.0", "name": null, "namealt": null, "namealtt": null, "routeraw": null, "question": 0, "length_km": 27, "toll": 0, "ne_part": "global_basic", "label": null, "label2": null, "local": null, "localtype": null, "localalt": null, "labelrank": 0, "ignore": 0, "add": 0, "rwdb_rd_id": 30166, "orig_fid": 12289, "prefix": null, "uident": 0, "continent": "Asia", "expressway": 0, "level": null, "min_zoom": 7.6, "min_label": 10.1}, "bbox": [102.078546, 36.095349, 102.288891, 36.202584], "geometry": {"type": "LineString", "coordinates": [[102.284767, 36.095349], [102.288891, 36.107722], [102.280643, 36.12422], [102.26002, 36.140718], [102.19403, 36.16134], [102.169283, 36.181962], [102.111541, 36.202584], [102.090919, 36.202584], [102.078546, 36.194335]]}}, {"type": "Feature", "properties": {"scalerank": 9, "featurecla": "Road", "type": "Unknown", "sov_a3": null, "note": null, "edited": "New in version 2.0.0", "name": null, "namealt": null, "namealtt": null, "routeraw": null, "question": 0, "length_km": 153, "toll": 0, "ne_part": "global_basic", "label": null, "label2": null, "local": null, "localtype": null, "localalt": null, "labelrank": 0, "ignore": 0, "add": 0, "rwdb_rd_id": 30181, "orig_fid": 12300, "prefix": null, "uident": 0, "continent": "Asia", "expressway": 0, "level": null, "min_zoom": 7.6, "min_label": 10.1}, "bbox": [96.687926, 36.078851, 97.434446, 37.357422], "geometry": {"type": "LineString", "coordinates": [[96.733295, 37.357422], [96.716797, 37.324427], [96.712673, 37.283183], [96.696175, 37.26256], [96.704424, 37.237814], [96.687926, 37.204818], [96.69205, 37.192445], [96.708548, 37.151201], [96.725046, 37.126454], [96.807534, 37.027468], [96.815783, 37.010971], [96.819908, 36.977975], [96.844654, 36.928482], [96.877649, 36.883114], [96.918894, 36.850118], [96.947765, 36.837745], [97.005507, 36.829496], [97.026129, 36.817123], [97.046751, 36.796501], [97.067373, 36.751132], [97.092119, 36.726386], [97.12099, 36.705763], [97.137488, 36.685141], [97.141612, 36.668644], [97.178732, 36.602653], [97.186981, 36.582031], [97.203479, 36.55316], [97.228225, 36.532538], [97.23235, 36.520164], [97.26947, 36.474796], [97.302465, 36.445925], [97.310714, 36.437676], [97.323087, 36.408805], [97.318963, 36.384058], [97.327211, 36.359312], [97.343709, 36.330441], [97.360207, 36.280948], [97.389078, 36.239704], [97.405576, 36.202584], [97.417949, 36.186086], [97.430322, 36.153091], [97.430322, 36.107722], [97.434446, 36.078851]]}}, {"type": "Feature", "properties": {"scalerank": 3, "featurecla": "Road", "type": "Road", "sov_a3": null, "note": null, "edited": "New in version 2.0.0", "name": null, "namealt": null, "namealtt": null, "routeraw": null, "question": 0, "length_km": 112, "toll": 0, "ne_part": "global_basic", "label": null, "label2": null, "local": null, "localtype": null, "localalt": null, "labelrank": 0, "ignore": 0, "add": 0, "rwdb_rd_id": 30182, "orig_fid": 12301, "prefix": null, "uident": 0, "continent": "Asia", "expressway": 0, "level": null, "min_zoom": 3, "min_label": 6}, "bbox": [96.456958, 36.078851, 97.434446, 36.367561], "geometry": {"type": "LineString", "coordinates": [[96.456958, 36.367561], [96.55182, 36.363436], [96.593064, 36.355188], [96.69205, 36.326317], [96.778663, 36.30157], [96.852903, 36.276823], [96.960138, 36.239704], [97.001382, 36.223206], [97.079746, 36.202584], [97.153986, 36.177837], [97.228225, 36.144842], [97.356082, 36.103598], [97.37258, 36.095349], [97.422073, 36.082976], [97.434446, 36.078851]]}}, {"type": "Feature", "properties": {"scalerank": 3, "featurecla": "Road", "type": "Major Highway", "sov_a3": null, "note": null, "edited": "New in version 2.0.0", "name": null, "namealt": null, "namealtt": null, "routeraw": null, "question": 0, "length_km": 47, "toll": 0, "ne_part": "global_basic", "label": null, "label2": null, "local": null, "localtype": null, "localalt": null, "labelrank": 0, "ignore": 0, "add": 0, "rwdb_rd_id": 30221, "orig_fid": 12328, "prefix": null, "uident": 0, "continent": "Asia", "expressway": 1, "level": null, "min_zoom": 3, "min_label": 6}, "bbox": [103.790181, 36.054105, 103.97578, 36.342814], "geometry": {"type": "LineString", "coordinates": [[103.79843, 36.054105], [103.819052, 36.066478], [103.819052, 36.0871], [103.806679, 36.194335], [103.790181, 36.223206], [103.802554, 36.247953], [103.790181, 36.256201], [103.819052, 36.268575], [103.852047, 36.305694], [103.876794, 36.30157], [103.913914, 36.280948], [103.951034, 36.309819], [103.97578, 36.318068], [103.97578, 36.33869], [103.971656, 36.342814]]}}, {"type": "Feature", "properties": {"scalerank": 3, "featurecla": "Road", "type": "Major Highway", "sov_a3": null, "note": null, "edited": "New in version 2.0.0", "name": null, "namealt": null, "namealtt": null, "routeraw": null, "question": 0, "length_km": 24, "toll": 0, "ne_part": "global_basic", "label": null, "label2": null, "local": null, "localtype": null, "localalt": null, "labelrank": 0, "ignore": 0, "add": 0, "rwdb_rd_id": 30222, "orig_fid": 12329, "prefix": null, "uident": 0, "continent": "Asia", "expressway": 1, "level": null, "min_zoom": 3, "min_label": 6}, "bbox": [103.592209, 36.054105, 103.79843, 36.111847], "geometry": {"type": "LineString", "coordinates": [[103.592209, 36.107722], [103.612831, 36.111847], [103.662324, 36.095349], [103.687071, 36.074727], [103.707693, 36.062354], [103.744812, 36.062354], [103.79843, 36.054105]]}}, {"type": "Feature", "properties": {"scalerank": 9, "featurecla": "Road", "type": "Unknown", "sov_a3": null, "note": null, "edited": "New in version 2.0.0", "name": null, "namealt": null, "namealtt": null, "routeraw": null, "question": 0, "length_km": 51, "toll": 0, "ne_part": "global_basic", "label": null, "label2": null, "local": null, "localtype": null, "localalt": null, "labelrank": 0, "ignore": 0, "add": 0, "rwdb_rd_id": 30267, "orig_fid": 12357, "prefix": null, "uident": 0, "continent": "Asia", "expressway": 0, "level": null, "min_zoom": 7.6, "min_label": 10.1}, "bbox": [101.410389, 36.029358, 101.591864, 36.346939], "geometry": {"type": "LineString", "coordinates": [[101.414514, 36.029358], [101.410389, 36.054105], [101.422763, 36.070602], [101.451634, 36.082976], [101.488754, 36.103598], [101.509376, 36.107722], [101.534122, 36.12422], [101.579491, 36.128344], [101.571242, 36.144842], [101.591864, 36.16134], [101.583615, 36.186086], [101.571242, 36.231455], [101.562993, 36.256201], [101.538247, 36.293321], [101.484629, 36.322192], [101.455758, 36.346939]]}}, {"type": "Feature", "properties": {"scalerank": 6, "featurecla": "Road", "type": "Unknown", "sov_a3": null, "note": null, "edited": "New in version 2.0.0", "name": null, "namealt": null, "namealtt": null, "routeraw": null, "question": 0, "length_km": 51, "toll": 0, "ne_part": "global_basic", "label": null, "label2": null, "local": null, "localtype": null, "localalt": null, "labelrank": 0, "ignore": 0, "add": 0, "rwdb_rd_id": 30292, "orig_fid": 12373, "prefix": null, "uident": 0, "continent": "Asia", "expressway": 0, "level": null, "min_zoom": 6, "min_label": 8.5}, "bbox": [100.214307, 36.008736, 100.593754, 36.26445], "geometry": {"type": "LineString", "coordinates": [[100.214307, 36.008736], [100.222556, 36.008736], [100.288547, 36.041731], [100.305044, 36.054105], [100.391657, 36.099473], [100.470021, 36.132469], [100.474146, 36.165464], [100.507141, 36.186086], [100.51539, 36.202584], [100.51539, 36.22733], [100.564883, 36.239704], [100.581381, 36.247953], [100.593754, 36.26445]]}}, {"type": "Feature", "properties": {"scalerank": 3, "featurecla": "Road", "type": "Road", "sov_a3": null, "note": null, "edited": "New in version 2.0.0", "name": null, "namealt": null, "namealtt": null, "routeraw": null, "question": 0, "length_km": 69, "toll": 0, "ne_part": "global_basic", "label": null, "label2": null, "local": null, "localtype": null, "localalt": null, "labelrank": 0, "ignore": 0, "add": 0, "rwdb_rd_id": 30302, "orig_fid": 12381, "prefix": null, "uident": 0, "continent": "Asia", "expressway": 0, "level": null, "min_zoom": 3, "min_label": 6}, "bbox": [97.892257, 36.000487, 98.189216, 36.404681], "geometry": {"type": "LineString", "coordinates": [[97.892257, 36.000487], [97.904631, 36.004612], [97.962373, 36.025234], [98.003617, 36.037607], [98.020114, 36.054105], [98.061359, 36.062354], [98.135598, 36.062354], [98.168594, 36.070602], [98.180967, 36.082976], [98.180967, 36.099473], [98.176842, 36.120095], [98.185091, 36.165464], [98.180967, 36.186086], [98.189216, 36.210833], [98.15622, 36.22733], [98.152096, 36.239704], [98.143847, 36.243828], [98.119101, 36.252077], [98.114976, 36.256201], [98.110852, 36.280948], [98.098478, 36.309819], [98.098478, 36.359312], [98.09023, 36.379934], [98.094354, 36.404681]]}}, {"type": "Feature", "properties": {"scalerank": 3, "featurecla": "Road", "type": "Major Highway", "sov_a3": null, "note": null, "edited": "New in version 2.0.0", "name": null, "namealt": null, "namealtt": null, "routeraw": null, "question": 0, "length_km": 24, "toll": 0, "ne_part": "global_basic", "label": null, "label2": null, "local": null, "localtype": null, "localalt": null, "labelrank": 0, "ignore": 0, "add": 0, "rwdb_rd_id": 30321, "orig_fid": 12391, "prefix": null, "uident": 0, "continent": "Asia", "expressway": 1, "level": null, "min_zoom": 3, "min_label": 6}, "bbox": [103.79843, 35.988114, 104.004651, 36.054105], "geometry": {"type": "LineString", "coordinates": [[103.79843, 36.054105], [103.819052, 36.045856], [103.913914, 36.029358], [103.926287, 36.021109], [103.942785, 36.016985], [104.004651, 35.988114]]}}, {"type": "Feature", "properties": {"scalerank": 3, "featurecla": "Road", "type": "Road", "sov_a3": null, "note": null, "edited": "New in version 2.0.0", "name": null, "namealt": null, "namealtt": null, "routeraw": null, "question": 0, "length_km": 55, "toll": 0, "ne_part": "global_basic", "label": null, "label2": null, "local": null, "localtype": null, "localalt": null, "labelrank": 0, "ignore": 0, "add": 0, "rwdb_rd_id": 30322, "orig_fid": 12392, "prefix": null, "uident": 0, "continent": "Asia", "expressway": 0, "level": null, "min_zoom": 3, "min_label": 6}, "bbox": [97.434446, 35.988114, 97.892257, 36.078851], "geometry": {"type": "LineString", "coordinates": [[97.434446, 36.078851], [97.48394, 36.066478], [97.516935, 36.045856], [97.54993, 36.01286], [97.578801, 35.992238], [97.595299, 35.988114], [97.62417, 35.992238], [97.644792, 36.008736], [97.673663, 36.021109], [97.690161, 36.021109], [97.735529, 36.021109], [97.793271, 36.025234], [97.813893, 36.021109], [97.834515, 36.000487], [97.863386, 35.988114], [97.892257, 36.000487]]}}, {"type": "Feature", "properties": {"scalerank": 9, "featurecla": "Road", "type": "Unknown", "sov_a3": null, "note": null, "edited": "New in version 2.0.0", "name": null, "namealt": null, "namealtt": null, "routeraw": null, "question": 0, "length_km": 31, "toll": 0, "ne_part": "global_basic", "label": null, "label2": null, "local": null, "localtype": null, "localalt": null, "labelrank": 0, "ignore": 0, "add": 0, "rwdb_rd_id": 30362, "orig_fid": 12425, "prefix": null, "uident": 0, "continent": "Asia", "expressway": 0, "level": null, "min_zoom": 7.6, "min_label": 10.1}, "bbox": [103.410734, 35.94687, 103.592209, 36.107722], "geometry": {"type": "LineString", "coordinates": [[103.410734, 35.94687], [103.423108, 35.950994], [103.439605, 35.963367], [103.447854, 35.979865], [103.460227, 36.037607], [103.472601, 36.054105], [103.542716, 36.037607], [103.567462, 36.033483], [103.579836, 36.045856], [103.588084, 36.095349], [103.592209, 36.107722]]}}, {"type": "Feature", "properties": {"scalerank": 9, "featurecla": "Road", "type": "Unknown", "sov_a3": null, "note": null, "edited": "New in version 2.0.0", "name": null, "namealt": null, "namealtt": null, "routeraw": null, "question": 0, "length_km": 7, "toll": 0, "ne_part": "global_basic", "label": null, "label2": null, "local": null, "localtype": null, "localalt": null, "labelrank": 0, "ignore": 0, "add": 0, "rwdb_rd_id": 30363, "orig_fid": 12426, "prefix": null, "uident": 0, "continent": "Asia", "expressway": 0, "level": null, "min_zoom": 7.6, "min_label": 10.1}, "bbox": [103.348868, 35.94687, 103.410734, 35.950994], "geometry": {"type": "LineString", "coordinates": [[103.410734, 35.94687], [103.394237, 35.950994], [103.361241, 35.950994], [103.348868, 35.94687]]}}, {"type": "Feature", "properties": {"scalerank": 9, "featurecla": "Road", "type": "Unknown", "sov_a3": null, "note": null, "edited": "New in version 2.0.0", "name": null, "namealt": null, "namealtt": null, "routeraw": null, "question": 0, "length_km": 21, "toll": 0, "ne_part": "global_basic", "label": null, "label2": null, "local": null, "localtype": null, "localalt": null, "labelrank": 0, "ignore": 0, "add": 0, "rwdb_rd_id": 30414, "orig_fid": 12459, "prefix": null, "uident": 0, "continent": "Asia", "expressway": 0, "level": null, "min_zoom": 7.6, "min_label": 10.1}, "bbox": [102.284767, 35.905625, 102.338384, 36.095349], "geometry": {"type": "LineString", "coordinates": [[102.33426, 35.905625], [102.330136, 35.934496], [102.330136, 35.959243], [102.321887, 35.979865], [102.326011, 36.004612], [102.33426, 36.008736], [102.338384, 36.037607], [102.330136, 36.04998], [102.305389, 36.062354], [102.284767, 36.095349]]}}, {"type": "Feature", "properties": {"scalerank": 9, "featurecla": "Road", "type": "Unknown", "sov_a3": null, "note": null, "edited": "New in version 2.0.0", "name": null, "namealt": null, "namealtt": null, "routeraw": null, "question": 0, "length_km": 44, "toll": 0, "ne_part": "global_basic", "label": null, "label2": null, "local": null, "localtype": null, "localalt": null, "labelrank": 0, "ignore": 0, "add": 0, "rwdb_rd_id": 30436, "orig_fid": 12475, "prefix": null, "uident": 0, "continent": "Asia", "expressway": 0, "level": null, "min_zoom": 7.6, "min_label": 10.1}, "bbox": [100.828846, 35.893252, 100.969076, 36.148966], "geometry": {"type": "LineString", "coordinates": [[100.837095, 36.148966], [100.882463, 36.144842], [100.90721, 36.128344], [100.903086, 36.115971], [100.878339, 36.103598], [100.878339, 36.091224], [100.849468, 36.0871], [100.841219, 36.070602], [100.828846, 36.021109], [100.837095, 36.004612], [100.87009, 35.992238], [100.874215, 35.98399], [100.919583, 35.963367], [100.931957, 35.955119], [100.969076, 35.905625], [100.969076, 35.893252]]}}, {"type": "Feature", "properties": {"scalerank": 10, "featurecla": "Road", "type": "Unknown", "sov_a3": null, "note": null, "edited": "New in version 2.0.0", "name": null, "namealt": null, "namealtt": null, "routeraw": null, "question": 0, "length_km": 42, "toll": 0, "ne_part": "global_basic", "label": null, "label2": null, "local": null, "localtype": null, "localalt": null, "labelrank": 0, "ignore": 0, "add": 0, "rwdb_rd_id": 30463, "orig_fid": 12494, "prefix": null, "uident": 0, "continent": "Asia", "expressway": 0, "level": null, "min_zoom": 7.7, "min_label": 10.2}, "bbox": [99.698754, 35.876755, 99.950344, 36.198459], "geometry": {"type": "LineString", "coordinates": [[99.698754, 35.876755], [99.702879, 35.893252], [99.715252, 35.90975], [99.752372, 35.934496], [99.768869, 35.959243], [99.772994, 35.979865], [99.793616, 36.01286], [99.818363, 36.045856], [99.830736, 36.070602], [99.847233, 36.091224], [99.867856, 36.099473], [99.892602, 36.12422], [99.904975, 36.157215], [99.933846, 36.190211], [99.950344, 36.198459]]}}, {"type": "Feature", "properties": {"scalerank": 9, "featurecla": "Road", "type": "Unknown", "sov_a3": null, "note": null, "edited": "New in version 2.0.0", "name": null, "namealt": null, "namealtt": null, "routeraw": null, "question": 0, "length_km": 15, "toll": 0, "ne_part": "global_basic", "label": null, "label2": null, "local": null, "localtype": null, "localalt": null, "labelrank": 0, "ignore": 0, "add": 0, "rwdb_rd_id": 30501, "orig_fid": 12522, "prefix": null, "uident": 0, "continent": "Asia", "expressway": 0, "level": null, "min_zoom": 7.6, "min_label": 10.1}, "bbox": [102.33426, 35.852008, 102.445619, 35.905625], "geometry": {"type": "LineString", "coordinates": [[102.445619, 35.852008], [102.445619, 35.864381], [102.429122, 35.880879], [102.367255, 35.885003], [102.342509, 35.897377], [102.33426, 35.905625]]}}, {"type": "Feature", "properties": {"scalerank": 9, "featurecla": "Road", "type": "Unknown", "sov_a3": null, "note": null, "edited": "New in version 2.0.0", "name": null, "namealt": null, "namealtt": null, "routeraw": null, "question": 0, "length_km": 10, "toll": 0, "ne_part": "global_basic", "label": null, "label2": null, "local": null, "localtype": null, "localalt": null, "labelrank": 0, "ignore": 0, "add": 0, "rwdb_rd_id": 30512, "orig_fid": 12528, "prefix": null, "uident": 0, "continent": "Asia", "expressway": 0, "level": null, "min_zoom": 7.6, "min_label": 10.1}, "bbox": [100.969076, 35.827261, 101.043316, 35.893252], "geometry": {"type": "LineString", "coordinates": [[101.043316, 35.827261], [101.030943, 35.831386], [100.993823, 35.876755], [100.969076, 35.893252]]}}, {"type": "Feature", "properties": {"scalerank": 9, "featurecla": "Road", "type": "Unknown", "sov_a3": null, "note": null, "edited": "New in version 2.0.0", "name": null, "namealt": null, "namealtt": null, "routeraw": null, "question": 0, "length_km": 32, "toll": 0, "ne_part": "global_basic", "label": null, "label2": null, "local": null, "localtype": null, "localalt": null, "labelrank": 0, "ignore": 0, "add": 0, "rwdb_rd_id": 30519, "orig_fid": 12531, "prefix": null, "uident": 0, "continent": "Asia", "expressway": 0, "level": null, "min_zoom": 7.6, "min_label": 10.1}, "bbox": [103.084905, 35.819013, 103.348868, 35.94687], "geometry": {"type": "LineString", "coordinates": [[103.348868, 35.94687], [103.328246, 35.942745], [103.287002, 35.917999], [103.270504, 35.913874], [103.233384, 35.90975], [103.200389, 35.905625], [103.167393, 35.889128], [103.146771, 35.87263], [103.122025, 35.852008], [103.105527, 35.831386], [103.084905, 35.819013]]}}, {"type": "Feature", "properties": {"scalerank": 9, "featurecla": "Road", "type": "Unknown", "sov_a3": null, "note": null, "edited": "New in version 2.0.0", "name": null, "namealt": null, "namealtt": null, "routeraw": null, "question": 0, "length_km": 93, "toll": 0, "ne_part": "global_basic", "label": null, "label2": null, "local": null, "localtype": null, "localalt": null, "labelrank": 0, "ignore": 0, "add": 0, "rwdb_rd_id": 30522, "orig_fid": 12534, "prefix": null, "uident": 0, "continent": "Asia", "expressway": 0, "level": null, "min_zoom": 7.6, "min_label": 10.1}, "bbox": [102.721956, 35.819013, 103.084905, 36.342814], "geometry": {"type": "LineString", "coordinates": [[103.084905, 35.819013], [103.060158, 35.823137], [103.043661, 35.831386], [103.01479, 35.860257], [103.010665, 35.87263], [103.018914, 35.922123], [103.010665, 35.934496], [102.985919, 35.959243], [102.97767, 35.979865], [102.97767, 36.000487], [102.998292, 36.025234], [102.998292, 36.037607], [102.990043, 36.04998], [102.969421, 36.04998], [102.944675, 36.045856], [102.911679, 36.045856], [102.882808, 36.033483], [102.866311, 36.037607], [102.845688, 36.045856], [102.825066, 36.045856], [102.808569, 36.029358], [102.783822, 36.029358], [102.767324, 36.054105], [102.742578, 36.058229], [102.734329, 36.070602], [102.742578, 36.0871], [102.767324, 36.095349], [102.767324, 36.107722], [102.759076, 36.115971], [102.72608, 36.128344], [102.721956, 36.132469], [102.72608, 36.148966], [102.742578, 36.173713], [102.754951, 36.202584], [102.767324, 36.239704], [102.792071, 36.289197], [102.804444, 36.342814]]}}, {"type": "Feature", "properties": {"scalerank": 6, "featurecla": "Road", "type": "Unknown", "sov_a3": null, "note": null, "edited": "New in version 2.0.0", "name": null, "namealt": null, "namealtt": null, "routeraw": null, "question": 0, "length_km": 42, "toll": 0, "ne_part": "global_basic", "label": null, "label2": null, "local": null, "localtype": null, "localalt": null, "labelrank": 0, "ignore": 0, "add": 0, "rwdb_rd_id": 30533, "orig_fid": 12542, "prefix": null, "uident": 0, "continent": "Asia", "expressway": 0, "level": null, "min_zoom": 6, "min_label": 8.5}, "bbox": [99.888478, 35.814888, 100.214307, 36.008736], "geometry": {"type": "LineString", "coordinates": [[99.888478, 35.814888], [99.9091, 35.827261], [99.925597, 35.843759], [99.933846, 35.87263], [99.942095, 35.885003], [99.991588, 35.905625], [100.12357, 35.963367], [100.173063, 35.98399], [100.210183, 36.000487], [100.214307, 36.008736]]}}, {"type": "Feature", "properties": {"scalerank": 6, "featurecla": "Road", "type": "Unknown", "sov_a3": null, "note": null, "edited": "New in version 2.0.0", "name": null, "namealt": null, "namealtt": null, "routeraw": null, "question": 0, "length_km": 22, "toll": 0, "ne_part": "global_basic", "label": null, "label2": null, "local": null, "localtype": null, "localalt": null, "labelrank": 0, "ignore": 0, "add": 0, "rwdb_rd_id": 30536, "orig_fid": 12543, "prefix": null, "uident": 0, "continent": "Asia", "expressway": 0, "level": null, "min_zoom": 6, "min_label": 8.5}, "bbox": [99.698754, 35.810764, 99.888478, 35.876755], "geometry": {"type": "LineString", "coordinates": [[99.698754, 35.876755], [99.772994, 35.852008], [99.838985, 35.823137], [99.863731, 35.810764], [99.888478, 35.814888]]}}, {"type": "Feature", "properties": {"scalerank": 9, "featurecla": "Road", "type": "Unknown", "sov_a3": null, "note": null, "edited": "New in version 2.0.0", "name": null, "namealt": null, "namealtt": null, "routeraw": null, "question": 0, "length_km": 40, "toll": 0, "ne_part": "global_basic", "label": null, "label2": null, "local": null, "localtype": null, "localalt": null, "labelrank": 0, "ignore": 0, "add": 0, "rwdb_rd_id": 30548, "orig_fid": 12550, "prefix": null, "uident": 0, "continent": "Asia", "expressway": 0, "level": null, "min_zoom": 7.6, "min_label": 10.1}, "bbox": [102.090919, 35.798391, 102.445619, 35.852008], "geometry": {"type": "LineString", "coordinates": [[102.090919, 35.810764], [102.11979, 35.798391], [102.140412, 35.802515], [102.161034, 35.810764], [102.26002, 35.852008], [102.313638, 35.847884], [102.359007, 35.847884], [102.400251, 35.847884], [102.420873, 35.852008], [102.445619, 35.852008]]}}, {"type": "Feature", "properties": {"scalerank": 9, "featurecla": "Road", "type": "Unknown", "sov_a3": null, "note": null, "edited": "New in version 2.0.0", "name": null, "namealt": null, "namealtt": null, "routeraw": null, "question": 0, "length_km": 17, "toll": 0, "ne_part": "global_basic", "label": null, "label2": null, "local": null, "localtype": null, "localalt": null, "labelrank": 0, "ignore": 0, "add": 0, "rwdb_rd_id": 30549, "orig_fid": 12551, "prefix": null, "uident": 0, "continent": "Asia", "expressway": 0, "level": null, "min_zoom": 7.6, "min_label": 10.1}, "bbox": [102.445619, 35.798391, 102.577601, 35.852008], "geometry": {"type": "LineString", "coordinates": [[102.577601, 35.798391], [102.573477, 35.819013], [102.556979, 35.823137], [102.532232, 35.819013], [102.495113, 35.823137], [102.470366, 35.843759], [102.445619, 35.852008]]}}, {"type": "Feature", "properties": {"scalerank": 9, "featurecla": "Road", "type": "Unknown", "sov_a3": null, "note": null, "edited": "New in version 2.0.0", "name": null, "namealt": null, "namealtt": null, "routeraw": null, "question": 0, "length_km": 1, "toll": 0, "ne_part": "global_basic", "label": null, "label2": null, "local": null, "localtype": null, "localalt": null, "labelrank": 0, "ignore": 0, "add": 0, "rwdb_rd_id": 30551, "orig_fid": 12552, "prefix": null, "uident": 0, "continent": "Asia", "expressway": 0, "level": null, "min_zoom": 7.6, "min_label": 10.1}, "bbox": [102.08267, 35.798391, 102.090919, 35.810764], "geometry": {"type": "LineString", "coordinates": [[102.08267, 35.798391], [102.090919, 35.810764]]}}, {"type": "Feature", "properties": {"scalerank": 9, "featurecla": "Road", "type": "Unknown", "sov_a3": null, "note": null, "edited": "New in version 2.0.0", "name": null, "namealt": null, "namealtt": null, "routeraw": null, "question": 0, "length_km": 13, "toll": 0, "ne_part": "global_basic", "label": null, "label2": null, "local": null, "localtype": null, "localalt": null, "labelrank": 0, "ignore": 0, "add": 0, "rwdb_rd_id": 30552, "orig_fid": 12553, "prefix": null, "uident": 0, "continent": "Asia", "expressway": 0, "level": null, "min_zoom": 7.6, "min_label": 10.1}, "bbox": [102.012555, 35.798391, 102.08267, 35.905625], "geometry": {"type": "LineString", "coordinates": [[102.012555, 35.905625], [102.012555, 35.885003], [102.037302, 35.864381], [102.057924, 35.819013], [102.08267, 35.798391]]}}, {"type": "Feature", "properties": {"scalerank": 10, "featurecla": "Road", "type": "Unknown", "sov_a3": null, "note": null, "edited": "New in version 2.0.0", "name": null, "namealt": null, "namealtt": null, "routeraw": null, "question": 0, "length_km": 56, "toll": 0, "ne_part": "global_basic", "label": null, "label2": null, "local": null, "localtype": null, "localalt": null, "labelrank": 0, "ignore": 0, "add": 0, "rwdb_rd_id": 30640, "orig_fid": 12614, "prefix": null, "uident": 0, "continent": "Asia", "expressway": 0, "level": null, "min_zoom": 7.7, "min_label": 10.2}, "bbox": [100.511265, 35.715902, 100.969076, 35.893252], "geometry": {"type": "LineString", "coordinates": [[100.969076, 35.893252], [100.94433, 35.893252], [100.927832, 35.885003], [100.903086, 35.860257], [100.874215, 35.83551], [100.849468, 35.827261], [100.787602, 35.823137], [100.754606, 35.814888], [100.659745, 35.786017], [100.589629, 35.773644], [100.540136, 35.757146], [100.511265, 35.7324], [100.511265, 35.715902]]}}, {"type": "Feature", "properties": {"scalerank": 9, "featurecla": "Road", "type": "Unknown", "sov_a3": null, "note": null, "edited": "New in version 2.0.0", "name": null, "namealt": null, "namealtt": null, "routeraw": null, "question": 0, "length_km": 75, "toll": 0, "ne_part": "global_basic", "label": null, "label2": null, "local": null, "localtype": null, "localalt": null, "labelrank": 0, "ignore": 0, "add": 0, "rwdb_rd_id": 30650, "orig_fid": 12621, "prefix": null, "uident": 0, "continent": "Asia", "expressway": 0, "level": null, "min_zoom": 7.6, "min_label": 10.1}, "bbox": [101.043316, 35.707653, 101.414514, 36.029358], "geometry": {"type": "LineString", "coordinates": [[101.414514, 36.029358], [101.402141, 35.98399], [101.402141, 35.938621], [101.406265, 35.926248], [101.398016, 35.885003], [101.406265, 35.868506], [101.406265, 35.823137], [101.398016, 35.802515], [101.381519, 35.786017], [101.377394, 35.748897], [101.377394, 35.740649], [101.377394, 35.711778], [101.365021, 35.707653], [101.348523, 35.744773], [101.311403, 35.773644], [101.290781, 35.786017], [101.26191, 35.790142], [101.241288, 35.777768], [101.200044, 35.781893], [101.125804, 35.810764], [101.113431, 35.819013], [101.113431, 35.847884], [101.101058, 35.852008], [101.043316, 35.827261]]}}, {"type": "Feature", "properties": {"scalerank": 9, "featurecla": "Road", "type": "Unknown", "sov_a3": null, "note": null, "edited": "New in version 2.0.0", "name": null, "namealt": null, "namealtt": null, "routeraw": null, "question": 0, "length_km": 65, "toll": 0, "ne_part": "global_basic", "label": null, "label2": null, "local": null, "localtype": null, "localalt": null, "labelrank": 0, "ignore": 0, "add": 0, "rwdb_rd_id": 30807, "orig_fid": 12725, "prefix": null, "uident": 0, "continent": "Asia", "expressway": 0, "level": null, "min_zoom": 7.6, "min_label": 10.1}, "bbox": [103.22926, 35.596294, 103.464352, 35.94687], "geometry": {"type": "LineString", "coordinates": [[103.22926, 35.596294], [103.237509, 35.612792], [103.282877, 35.654036], [103.307624, 35.674658], [103.33237, 35.678782], [103.361241, 35.674658], [103.390112, 35.666409], [103.402485, 35.666409], [103.435481, 35.691156], [103.44373, 35.703529], [103.447854, 35.728275], [103.44373, 35.740649], [103.447854, 35.765395], [103.460227, 35.781893], [103.464352, 35.814888], [103.460227, 35.831386], [103.44373, 35.843759], [103.410734, 35.852008], [103.390112, 35.880879], [103.373614, 35.889128], [103.344744, 35.889128], [103.344744, 35.905625], [103.377739, 35.917999], [103.40661, 35.938621], [103.410734, 35.94687]]}}, {"type": "Feature", "properties": {"scalerank": 9, "featurecla": "Road", "type": "Unknown", "sov_a3": null, "note": null, "edited": "New in version 2.0.0", "name": null, "namealt": null, "namealtt": null, "routeraw": null, "question": 0, "length_km": 25, "toll": 0, "ne_part": "global_basic", "label": null, "label2": null, "local": null, "localtype": null, "localalt": null, "labelrank": 0, "ignore": 0, "add": 0, "rwdb_rd_id": 30812, "orig_fid": 12729, "prefix": null, "uident": 0, "continent": "Asia", "expressway": 0, "level": null, "min_zoom": 7.6, "min_label": 10.1}, "bbox": [99.888478, 35.592169, 99.999837, 35.814888], "geometry": {"type": "LineString", "coordinates": [[99.999837, 35.592169], [99.954468, 35.633414], [99.942095, 35.645787], [99.937971, 35.662285], [99.942095, 35.720026], [99.937971, 35.736524], [99.9091, 35.786017], [99.888478, 35.814888]]}}, {"type": "Feature", "properties": {"scalerank": 5, "featurecla": "Road", "type": "Unknown", "sov_a3": null, "note": null, "edited": "New in version 2.0.0", "name": null, "namealt": null, "namealtt": null, "routeraw": null, "question": 0, "length_km": 60, "toll": 0, "ne_part": "global_basic", "label": null, "label2": null, "local": null, "localtype": null, "localalt": null, "labelrank": 0, "ignore": 0, "add": 0, "rwdb_rd_id": 30837, "orig_fid": 12750, "prefix": null, "uident": 0, "continent": "Asia", "expressway": 0, "level": null, "min_zoom": 5, "min_label": 8}, "bbox": [103.678822, 35.575672, 103.819052, 36.054105], "geometry": {"type": "LineString", "coordinates": [[103.814928, 35.575672], [103.819052, 35.592169], [103.814928, 35.62104], [103.794306, 35.645787], [103.748937, 35.674658], [103.691195, 35.699404], [103.678822, 35.715902], [103.678822, 35.7324], [103.691195, 35.744773], [103.72419, 35.761271], [103.740688, 35.781893], [103.748937, 35.794266], [103.757186, 35.839635], [103.777808, 35.864381], [103.79843, 35.885003], [103.802554, 35.901501], [103.810803, 35.950994], [103.79843, 36.016985], [103.790181, 36.037607], [103.79843, 36.054105]]}}, {"type": "Feature", "properties": {"scalerank": 9, "featurecla": "Road", "type": "Unknown", "sov_a3": null, "note": null, "edited": "New in version 2.0.0", "name": null, "namealt": null, "namealtt": null, "routeraw": null, "question": 0, "length_km": 41, "toll": 0, "ne_part": "global_basic", "label": null, "label2": null, "local": null, "localtype": null, "localalt": null, "labelrank": 0, "ignore": 0, "add": 0, "rwdb_rd_id": 30845, "orig_fid": 12756, "prefix": null, "uident": 0, "continent": "Asia", "expressway": 0, "level": null, "min_zoom": 7.6, "min_label": 10.1}, "bbox": [100.511265, 35.571547, 100.853592, 35.715902], "geometry": {"type": "LineString", "coordinates": [[100.511265, 35.715902], [100.527763, 35.711778], [100.556634, 35.682907], [100.589629, 35.670533], [100.6185, 35.662285], [100.651496, 35.662285], [100.709238, 35.641662], [100.742233, 35.604543], [100.787602, 35.583921], [100.853592, 35.571547]]}}, {"type": "Feature", "properties": {"scalerank": 5, "featurecla": "Road", "type": "Unknown", "sov_a3": null, "note": null, "edited": "New in version 2.0.0", "name": null, "namealt": null, "namealtt": null, "routeraw": null, "question": 0, "length_km": 7, "toll": 0, "ne_part": "global_basic", "label": null, "label2": null, "local": null, "localtype": null, "localalt": null, "labelrank": 0, "ignore": 0, "add": 0, "rwdb_rd_id": 30851, "orig_fid": 12761, "prefix": null, "uident": 0, "continent": "Asia", "expressway": 0, "level": null, "min_zoom": 5, "min_label": 8}, "bbox": [103.175642, 35.567423, 103.22926, 35.596294], "geometry": {"type": "LineString", "coordinates": [[103.175642, 35.567423], [103.208638, 35.588045], [103.22926, 35.596294]]}}, {"type": "Feature", "properties": {"scalerank": 9, "featurecla": "Road", "type": "Unknown", "sov_a3": null, "note": null, "edited": "New in version 2.0.0", "name": null, "namealt": null, "namealtt": null, "routeraw": null, "question": 0, "length_km": 81, "toll": 0, "ne_part": "global_basic", "label": null, "label2": null, "local": null, "localtype": null, "localalt": null, "labelrank": 0, "ignore": 0, "add": 0, "rwdb_rd_id": 30861, "orig_fid": 12768, "prefix": null, "uident": 0, "continent": "Asia", "expressway": 0, "level": null, "min_zoom": 7.6, "min_label": 10.1}, "bbox": [102.577601, 35.559174, 103.175642, 35.806639], "geometry": {"type": "LineString", "coordinates": [[103.175642, 35.567423], [103.159145, 35.567423], [103.134398, 35.563298], [103.089029, 35.559174], [103.035412, 35.563298], [102.990043, 35.571547], [102.969421, 35.579796], [102.957048, 35.592169], [102.961172, 35.604543], [102.97767, 35.625165], [102.961172, 35.641662], [102.928177, 35.649911], [102.90343, 35.674658], [102.878684, 35.691156], [102.866311, 35.715902], [102.853937, 35.724151], [102.816817, 35.748897], [102.80032, 35.761271], [102.783822, 35.806639], [102.771449, 35.806639], [102.759076, 35.790142], [102.738453, 35.781893], [102.717831, 35.786017], [102.680712, 35.798391], [102.594099, 35.798391], [102.577601, 35.798391]]}}, {"type": "Feature", "properties": {"scalerank": 9, "featurecla": "Road", "type": "Unknown", "sov_a3": null, "note": null, "edited": "New in version 2.0.0", "name": null, "namealt": null, "namealtt": null, "routeraw": null, "question": 0, "length_km": 34, "toll": 0, "ne_part": "global_basic", "label": null, "label2": null, "local": null, "localtype": null, "localalt": null, "labelrank": 0, "ignore": 0, "add": 0, "rwdb_rd_id": 30938, "orig_fid": 12817, "prefix": null, "uident": 0, "continent": "Asia", "expressway": 0, "level": null, "min_zoom": 7.6, "min_label": 10.1}, "bbox": [101.026818, 35.513805, 101.109307, 35.827261], "geometry": {"type": "LineString", "coordinates": [[101.043316, 35.827261], [101.072187, 35.765395], [101.101058, 35.724151], [101.109307, 35.678782], [101.101058, 35.625165], [101.096933, 35.608667], [101.080436, 35.592169], [101.051565, 35.571547], [101.039191, 35.559174], [101.035067, 35.530303], [101.026818, 35.513805]]}}, {"type": "Feature", "properties": {"scalerank": 9, "featurecla": "Road", "type": "Unknown", "sov_a3": null, "note": null, "edited": "New in version 2.0.0", "name": null, "namealt": null, "namealtt": null, "routeraw": null, "question": 0, "length_km": 20, "toll": 0, "ne_part": "global_basic", "label": null, "label2": null, "local": null, "localtype": null, "localalt": null, "labelrank": 0, "ignore": 0, "add": 0, "rwdb_rd_id": 30939, "orig_fid": 12818, "prefix": null, "uident": 0, "continent": "Asia", "expressway": 0, "level": null, "min_zoom": 7.6, "min_label": 10.1}, "bbox": [100.853592, 35.513805, 101.026818, 35.571547], "geometry": {"type": "LineString", "coordinates": [[100.853592, 35.571547], [100.890712, 35.546801], [100.927832, 35.534427], [101.026818, 35.513805]]}}, {"type": "Feature", "properties": {"scalerank": 5, "featurecla": "Road", "type": "Unknown", "sov_a3": null, "note": null, "edited": "New in version 2.0.0", "name": null, "namealt": null, "namealtt": null, "routeraw": null, "question": 0, "length_km": 9, "toll": 0, "ne_part": "global_basic", "label": null, "label2": null, "local": null, "localtype": null, "localalt": null, "labelrank": 0, "ignore": 0, "add": 0, "rwdb_rd_id": 30942, "orig_fid": 12819, "prefix": null, "uident": 0, "continent": "Asia", "expressway": 0, "level": null, "min_zoom": 5, "min_label": 8}, "bbox": [103.814928, 35.513805, 103.876794, 35.575672], "geometry": {"type": "LineString", "coordinates": [[103.876794, 35.513805], [103.868545, 35.51793], [103.814928, 35.575672]]}}, {"type": "Feature", "properties": {"scalerank": 9, "featurecla": "Road", "type": "Unknown", "sov_a3": null, "note": null, "edited": "New in version 2.0.0", "name": null, "namealt": null, "namealtt": null, "routeraw": null, "question": 0, "length_km": 40, "toll": 0, "ne_part": "global_basic", "label": null, "label2": null, "local": null, "localtype": null, "localalt": null, "labelrank": 0, "ignore": 0, "add": 0, "rwdb_rd_id": 30945, "orig_fid": 12820, "prefix": null, "uident": 0, "continent": "Asia", "expressway": 0, "level": null, "min_zoom": 7.6, "min_label": 10.1}, "bbox": [103.876794, 35.509681, 104.22737, 35.550925], "geometry": {"type": "LineString", "coordinates": [[103.876794, 35.513805], [103.893292, 35.522054], [103.93866, 35.530303], [103.971656, 35.530303], [104.033522, 35.538552], [104.066517, 35.550925], [104.095388, 35.542676], [104.11601, 35.538552], [104.132508, 35.522054], [104.149006, 35.509681], [104.177877, 35.509681], [104.194374, 35.513805], [104.22737, 35.509681]]}}, {"type": "Feature", "properties": {"scalerank": 5, "featurecla": "Road", "type": "Unknown", "sov_a3": null, "note": null, "edited": "New in version 2.0.0", "name": null, "namealt": null, "namealtt": null, "routeraw": null, "question": 0, "length_km": 14, "toll": 0, "ne_part": "global_basic", "label": null, "label2": null, "local": null, "localtype": null, "localalt": null, "labelrank": 0, "ignore": 0, "add": 0, "rwdb_rd_id": 30973, "orig_fid": 12840, "prefix": null, "uident": 0, "continent": "Asia", "expressway": 0, "level": null, "min_zoom": 5, "min_label": 8}, "bbox": [103.068407, 35.48081, 103.175642, 35.567423], "geometry": {"type": "LineString", "coordinates": [[103.068407, 35.48081], [103.089029, 35.493183], [103.097278, 35.505557], [103.15502, 35.542676], [103.175642, 35.567423]]}}, {"type": "Feature", "properties": {"scalerank": 9, "featurecla": "Road", "type": "Unknown", "sov_a3": null, "note": null, "edited": "New in version 2.0.0", "name": null, "namealt": null, "namealtt": null, "routeraw": null, "question": 0, "length_km": 65, "toll": 0, "ne_part": "global_basic", "label": null, "label2": null, "local": null, "localtype": null, "localalt": null, "labelrank": 0, "ignore": 0, "add": 0, "rwdb_rd_id": 30974, "orig_fid": 12841, "prefix": null, "uident": 0, "continent": "Asia", "expressway": 0, "level": null, "min_zoom": 7.6, "min_label": 10.1}, "bbox": [102.577601, 35.48081, 103.068407, 35.798391], "geometry": {"type": "LineString", "coordinates": [[102.577601, 35.798391], [102.581725, 35.777768], [102.58585, 35.765395], [102.635343, 35.691156], [102.672463, 35.649911], [102.734329, 35.604543], [102.754951, 35.579796], [102.775573, 35.571547], [102.895181, 35.538552], [102.965297, 35.513805], [102.998292, 35.497308], [103.068407, 35.48081]]}}, {"type": "Feature", "properties": {"scalerank": 5, "featurecla": "Road", "type": "Unknown", "sov_a3": null, "note": null, "edited": "New in version 2.0.0", "name": null, "namealt": null, "namealtt": null, "routeraw": null, "question": 0, "length_km": 24, "toll": 0, "ne_part": "global_basic", "label": null, "label2": null, "local": null, "localtype": null, "localalt": null, "labelrank": 0, "ignore": 0, "add": 0, "rwdb_rd_id": 31009, "orig_fid": 12867, "prefix": null, "uident": 0, "continent": "Asia", "expressway": 0, "level": null, "min_zoom": 5, "min_label": 8}, "bbox": [103.22926, 35.456063, 103.36949, 35.596294], "geometry": {"type": "LineString", "coordinates": [[103.22926, 35.596294], [103.241633, 35.588045], [103.249882, 35.546801], [103.262255, 35.48081], [103.270504, 35.472561], [103.29525, 35.464312], [103.344744, 35.460188], [103.36949, 35.456063]]}}, {"type": "Feature", "properties": {"scalerank": 5, "featurecla": "Road", "type": "Unknown", "sov_a3": null, "note": null, "edited": "New in version 2.0.0", "name": null, "namealt": null, "namealtt": null, "routeraw": null, "question": 0, "length_km": 52, "toll": 0, "ne_part": "global_basic", "label": null, "label2": null, "local": null, "localtype": null, "localalt": null, "labelrank": 0, "ignore": 0, "add": 0, "rwdb_rd_id": 31025, "orig_fid": 12876, "prefix": null, "uident": 0, "continent": "Asia", "expressway": 0, "level": null, "min_zoom": 5, "min_label": 8}, "bbox": [103.36949, 35.44369, 103.814928, 35.575672], "geometry": {"type": "LineString", "coordinates": [[103.36949, 35.456063], [103.402485, 35.447815], [103.44373, 35.44369], [103.484974, 35.44369], [103.501472, 35.451939], [103.608707, 35.48081], [103.670573, 35.493183], [103.695319, 35.501432], [103.720066, 35.51793], [103.740688, 35.542676], [103.76131, 35.559174], [103.810803, 35.575672], [103.814928, 35.575672]]}}, {"type": "Feature", "properties": {"scalerank": 9, "featurecla": "Road", "type": "Unknown", "sov_a3": null, "note": null, "edited": "New in version 2.0.0", "name": null, "namealt": null, "namealtt": null, "routeraw": null, "question": 0, "length_km": 15, "toll": 0, "ne_part": "global_basic", "label": null, "label2": null, "local": null, "localtype": null, "localalt": null, "labelrank": 0, "ignore": 0, "add": 0, "rwdb_rd_id": 31135, "orig_fid": 12942, "prefix": null, "uident": 0, "continent": "Asia", "expressway": 0, "level": null, "min_zoom": 7.6, "min_label": 10.1}, "bbox": [100.948454, 35.377699, 101.026818, 35.513805], "geometry": {"type": "LineString", "coordinates": [[101.026818, 35.513805], [101.022694, 35.493183], [100.997947, 35.447815], [100.952579, 35.390073], [100.948454, 35.377699]]}}, {"type": "Feature", "properties": {"scalerank": 5, "featurecla": "Road", "type": "Unknown", "sov_a3": null, "note": null, "edited": "New in version 2.0.0", "name": null, "namealt": null, "namealtt": null, "routeraw": null, "question": 0, "length_km": 14, "toll": 0, "ne_part": "global_basic", "label": null, "label2": null, "local": null, "localtype": null, "localalt": null, "labelrank": 0, "ignore": 0, "add": 0, "rwdb_rd_id": 31136, "orig_fid": 12943, "prefix": null, "uident": 0, "continent": "Asia", "expressway": 0, "level": null, "min_zoom": 5, "min_label": 8}, "bbox": [103.876794, 35.373575, 103.901541, 35.513805], "geometry": {"type": "LineString", "coordinates": [[103.885043, 35.373575], [103.901541, 35.423068], [103.901541, 35.472561], [103.876794, 35.513805]]}}, {"type": "Feature", "properties": {"scalerank": 3, "featurecla": "Road", "type": "Road", "sov_a3": null, "note": null, "edited": "New in version 2.0.0", "name": null, "namealt": null, "namealtt": null, "routeraw": null, "question": 0, "length_km": 258, "toll": 0, "ne_part": "global_basic", "label": null, "label2": null, "local": null, "localtype": null, "localalt": null, "labelrank": 0, "ignore": 0, "add": 0, "rwdb_rd_id": 31251, "orig_fid": 13008, "prefix": null, "uident": 0, "continent": "Asia", "expressway": 0, "level": null, "min_zoom": 3, "min_label": 6}, "bbox": [93.256407, 35.307584, 94.897927, 36.425303], "geometry": {"type": "LineString", "coordinates": [[93.256407, 35.307584], [93.326522, 35.344704], [93.400762, 35.365326], [93.442006, 35.377699], [93.491499, 35.390073], [93.573987, 35.423068], [93.639978, 35.468437], [93.664725, 35.484934], [93.710093, 35.501432], [93.759586, 35.509681], [93.796706, 35.51793], [93.83795, 35.530303], [93.899817, 35.534427], [93.91219, 35.546801], [93.957559, 35.55505], [93.994678, 35.575672], [94.011176, 35.588045], [94.035923, 35.625165], [94.035923, 35.645787], [94.0153, 35.65816], [94.0153, 35.674658], [94.027674, 35.691156], [94.060669, 35.703529], [94.097789, 35.711778], [94.221522, 35.7324], [94.299886, 35.736524], [94.316383, 35.744773], [94.337005, 35.76952], [94.34113, 35.798391], [94.337005, 35.831386], [94.34113, 35.880879], [94.345254, 35.889128], [94.365876, 35.893252], [94.419494, 35.889128], [94.468987, 35.880879], [94.543226, 35.880879], [94.580346, 35.885003], [94.650461, 35.90975], [94.671084, 35.90975], [94.728825, 35.889128], [94.753572, 35.885003], [94.774194, 35.893252], [94.794816, 35.917999], [94.827812, 35.922123], [94.831936, 35.98399], [94.823687, 36.037607], [94.823687, 36.066478], [94.819563, 36.0871], [94.840185, 36.099473], [94.844309, 36.111847], [94.831936, 36.12422], [94.80719, 36.128344], [94.794816, 36.140718], [94.782443, 36.190211], [94.790692, 36.223206], [94.803065, 36.268575], [94.819563, 36.30157], [94.848434, 36.33869], [94.869056, 36.359312], [94.893802, 36.408805], [94.897927, 36.425303]]}}, {"type": "Feature", "properties": {"scalerank": 10, "featurecla": "Road", "type": "Unknown", "sov_a3": null, "note": null, "edited": "New in version 2.0.0", "name": null, "namealt": null, "namealtt": null, "routeraw": null, "question": 0, "length_km": 52, "toll": 0, "ne_part": "global_basic", "label": null, "label2": null, "local": null, "localtype": null, "localalt": null, "labelrank": 0, "ignore": 0, "add": 0, "rwdb_rd_id": 31301, "orig_fid": 13045, "prefix": null, "uident": 0, "continent": "Asia", "expressway": 0, "level": null, "min_zoom": 7.7, "min_label": 10.2}, "bbox": [100.424653, 35.26634, 100.577256, 35.715902], "geometry": {"type": "LineString", "coordinates": [[100.511265, 35.715902], [100.486519, 35.641662], [100.461772, 35.608667], [100.437026, 35.588045], [100.428777, 35.567423], [100.445275, 35.534427], [100.44115, 35.522054], [100.424653, 35.489059], [100.470021, 35.44369], [100.474146, 35.427193], [100.47827, 35.394197], [100.486519, 35.377699], [100.51539, 35.336455], [100.55251, 35.291087], [100.577256, 35.26634]]}}, {"type": "Feature", "properties": {"scalerank": 9, "featurecla": "Road", "type": "Unknown", "sov_a3": null, "note": null, "edited": "New in version 2.0.0", "name": null, "namealt": null, "namealtt": null, "routeraw": null, "question": 0, "length_km": 77, "toll": 0, "ne_part": "global_basic", "label": null, "label2": null, "local": null, "localtype": null, "localalt": null, "labelrank": 0, "ignore": 0, "add": 0, "rwdb_rd_id": 31316, "orig_fid": 13058, "prefix": null, "uident": 0, "continent": "Asia", "expressway": 0, "level": null, "min_zoom": 7.6, "min_label": 10.1}, "bbox": [99.999837, 35.258091, 100.577256, 35.592169], "geometry": {"type": "LineString", "coordinates": [[100.577256, 35.26634], [100.569007, 35.262216], [100.527763, 35.258091], [100.470021, 35.258091], [100.449399, 35.262216], [100.399906, 35.274589], [100.362786, 35.291087], [100.313293, 35.328206], [100.272049, 35.324082], [100.243178, 35.34058], [100.239054, 35.352953], [100.239054, 35.385948], [100.222556, 35.40657], [100.201934, 35.44369], [100.189561, 35.451939], [100.173063, 35.484934], [100.144192, 35.51793], [100.12357, 35.526179], [100.053455, 35.559174], [100.028708, 35.575672], [99.999837, 35.592169]]}}, {"type": "Feature", "properties": {"scalerank": 6, "featurecla": "Road", "type": "Unknown", "sov_a3": null, "note": null, "edited": "New in version 2.0.0", "name": null, "namealt": null, "namealtt": null, "routeraw": null, "question": 0, "length_km": 115, "toll": 0, "ne_part": "global_basic", "label": null, "label2": null, "local": null, "localtype": null, "localalt": null, "labelrank": 0, "ignore": 0, "add": 0, "rwdb_rd_id": 31331, "orig_fid": 13070, "prefix": null, "uident": 0, "continent": "Asia", "expressway": 0, "level": null, "min_zoom": 6, "min_label": 8.5}, "bbox": [98.981105, 35.245718, 99.698754, 35.876755], "geometry": {"type": "LineString", "coordinates": [[98.981105, 35.245718], [99.001727, 35.274589], [99.030598, 35.291087], [99.055344, 35.319958], [99.084215, 35.348828], [99.117211, 35.361202], [99.212072, 35.369451], [99.249192, 35.369451], [99.286312, 35.377699], [99.315183, 35.390073], [99.356427, 35.414819], [99.385298, 35.431317], [99.401796, 35.427193], [99.438916, 35.414819], [99.463662, 35.418944], [99.484284, 35.431317], [99.496658, 35.447815], [99.509031, 35.472561], [99.533777, 35.546801], [99.537902, 35.571547], [99.546151, 35.629289], [99.537902, 35.649911], [99.550275, 35.678782], [99.550275, 35.703529], [99.546151, 35.711778], [99.542026, 35.761271], [99.550275, 35.781893], [99.566773, 35.798391], [99.624515, 35.814888], [99.645137, 35.831386], [99.674008, 35.864381], [99.698754, 35.876755]]}}, {"type": "Feature", "properties": {"scalerank": 6, "featurecla": "Road", "type": "Unknown", "sov_a3": null, "note": null, "edited": "New in version 2.0.0", "name": null, "namealt": null, "namealtt": null, "routeraw": null, "question": 0, "length_km": 149, "toll": 0, "ne_part": "global_basic", "label": null, "label2": null, "local": null, "localtype": null, "localalt": null, "labelrank": 0, "ignore": 0, "add": 0, "rwdb_rd_id": 31332, "orig_fid": 13071, "prefix": null, "uident": 0, "continent": "Asia", "expressway": 0, "level": null, "min_zoom": 6, "min_label": 8.5}, "bbox": [97.892257, 35.245718, 98.981105, 36.000487], "geometry": {"type": "LineString", "coordinates": [[98.981105, 35.245718], [98.964607, 35.258091], [98.931612, 35.274589], [98.902741, 35.270464], [98.877994, 35.26634], [98.840874, 35.262216], [98.803755, 35.274589], [98.746013, 35.291087], [98.708893, 35.307584], [98.692395, 35.315833], [98.671773, 35.352953], [98.647027, 35.40657], [98.638778, 35.418944], [98.62228, 35.456063], [98.605782, 35.484934], [98.556289, 35.546801], [98.531543, 35.567423], [98.494423, 35.583921], [98.469676, 35.604543], [98.449054, 35.633414], [98.420183, 35.65816], [98.399561, 35.670533], [98.391312, 35.687031], [98.387188, 35.7324], [98.37069, 35.765395], [98.354193, 35.781893], [98.308824, 35.810764], [98.296451, 35.827261], [98.275829, 35.83551], [98.218087, 35.852008], [98.180967, 35.856132], [98.172718, 35.860257], [98.147972, 35.876755], [98.123225, 35.889128], [98.028363, 35.901501], [97.962373, 35.922123], [97.925253, 35.967492], [97.892257, 36.000487]]}}, {"type": "Feature", "properties": {"scalerank": 9, "featurecla": "Road", "type": "Unknown", "sov_a3": null, "note": null, "edited": "New in version 2.0.0", "name": null, "namealt": null, "namealtt": null, "routeraw": null, "question": 0, "length_km": 112, "toll": 0, "ne_part": "global_basic", "label": null, "label2": null, "local": null, "localtype": null, "localalt": null, "labelrank": 0, "ignore": 0, "add": 0, "rwdb_rd_id": 31660, "orig_fid": 13286, "prefix": null, "uident": 0, "continent": "Asia", "expressway": 0, "level": null, "min_zoom": 7.6, "min_label": 10.1}, "bbox": [101.492878, 35.064243, 102.090919, 35.798391], "geometry": {"type": "LineString", "coordinates": [[101.492878, 35.064243], [101.501127, 35.068368], [101.538247, 35.080741], [101.583615, 35.093114], [101.645482, 35.097239], [101.674353, 35.105488], [101.699099, 35.121985], [101.72797, 35.150856], [101.785712, 35.208598], [101.806334, 35.212723], [101.851703, 35.212723], [101.8682, 35.220971], [101.880574, 35.237469], [101.897071, 35.249842], [101.917693, 35.253967], [101.930067, 35.262216], [101.934191, 35.282838], [101.925942, 35.30346], [101.934191, 35.324082], [101.930067, 35.332331], [101.930067, 35.365326], [101.938316, 35.373575], [101.958938, 35.377699], [101.967186, 35.398322], [101.971311, 35.423068], [101.963062, 35.464312], [101.971311, 35.476686], [102.024928, 35.513805], [102.053799, 35.546801], [102.074421, 35.588045], [102.078546, 35.625165], [102.086795, 35.649911], [102.090919, 35.687031], [102.074421, 35.753022], [102.08267, 35.76952], [102.08267, 35.798391]]}}], "bbox": [-166.532487587878, -55.1121240002687, 178.419079023192, 71.1776842780465]}